model,task_id,task_name,game,image_name,run_idx,ttft_s,throughput_tps,total_time_s,output_tokens,vram_mb,response_text
Qwen/Qwen3.5-0.8B,ui_bbox,UI 元素检测 (Bounding Box),明日方舟,Arknights_01.png,1,2.1718,269.91,5.9656,1024,11741,"```json [ 	{""bbox_2d"": [38, 46, 114, 114], ""label"": ""设置按钮""}, 	{""bbox_2d"": [303, 19, 355, 46], ""label"": ""能量条""}, 	{""bbox_2d"": [355, 19, 407, 46], ""label"": ""等级""}, 	{""bbox_2d"": [407, 19, 459, 46], ""label"": ""等级""}, 	{""bbox_2d"": [459, 19, 511, 46], ""label"": ""等级""}, 	{""bbox_2d"": [511, 19, 563, 46], ""label"": ""等级""}, 	{""bbox_2d"": [563, 19, 615, 46], ""label"": ""等级""}, 	{""bbox_2d"": [615, 19, 667, 46], ""label"": ""等级""}, 	{""bbox_2d"": [667, 19, 719, 46], ""label"": ""等级""}, 	{""bbox_2d"": [719, 19, 771, 46], ""label"": ""等级""}, 	{""bbox_2d"": [771, 19, 823, 46], ""label"": ""等级""}, 	{""bbox_2d"": [823, 19, 875, 46], ""label"": ""等级""}, 	{""bbox_2d"": [875, 19, 927, 46], ""label"": ""等级""}, 	{""bbox_2d"": [927, 19, 979, 46], ""label"": ""等级""}, 	{""bbox_2d"": [979, 19, 1031, 46], ""label"": ""等级""}, 	{""bbox_2d"": [979, 46, 1031, 73], ""label"": ""单位限制""}, 	{""bbox_2d"": [979, 73, 1031, 100], ""label"": ""单位限制""}, 	{""bbox_2d"": [979, 100, 1031, 127], ""label"": ""单位限制""}, 	{""bbox_2d"": [979, 127, 1031, 154], ""label"": ""单位限制""}, 	{""bbox_2d"": [979, 154, 1031, 181], ""label"": ""单位限制""}, 	{""bbox_2d"": [979, 181, 1031, 208], ""label"": ""单位限制""}, 	{""bbox_2d"": [979, 208, 1031, 235], ""label"": ""单位限制""}, 	{""bbox_2d"": [979, 235, 1031, 262], ""label"": ""单位限制""}, 	{""bbox_2d"": [979, 262, 1031, 289], ""label"": ""单位限制""}, 	{""bbox_2d"": [979, 289, 1031, 316], ""label"": ""单位限制""}, 	{""bbox_2d"": [979, 316, 1031, 343], ""label"": ""单位限制""}, 	{""bbox_2d"": [979, 343, 1031, 370], ""label"": ""单位限制""}, 	{""bbox_2d"": [979, 370, 1031, 397], ""label"": ""单位限制""}, 	{""bbox_2d"": [979, 397, 1031, 424], ""label"": ""单位限制""}, 	{""bbox_2d"": [979, 424, 1031, 451], ""label"": ""单位限制""},"
Qwen/Qwen3.5-0.8B,ui_bbox,UI 元素检测 (Bounding Box),明日方舟,Arknights_01.png,2,2.1298,269.65,5.9272,1024,11668,"```json [ 	{""bbox_2d"": [38, 46, 114, 114], ""label"": ""设置按钮""}, 	{""bbox_2d"": [303, 19, 355, 46], ""label"": ""能量条""}, 	{""bbox_2d"": [355, 19, 407, 46], ""label"": ""等级""}, 	{""bbox_2d"": [407, 19, 459, 46], ""label"": ""等级""}, 	{""bbox_2d"": [459, 19, 511, 46], ""label"": ""等级""}, 	{""bbox_2d"": [511, 19, 563, 46], ""label"": ""等级""}, 	{""bbox_2d"": [563, 19, 615, 46], ""label"": ""等级""}, 	{""bbox_2d"": [615, 19, 667, 46], ""label"": ""等级""}, 	{""bbox_2d"": [667, 19, 719, 46], ""label"": ""等级""}, 	{""bbox_2d"": [719, 19, 771, 46], ""label"": ""等级""}, 	{""bbox_2d"": [771, 19, 823, 46], ""label"": ""等级""}, 	{""bbox_2d"": [823, 19, 875, 46], ""label"": ""等级""}, 	{""bbox_2d"": [875, 19, 927, 46], ""label"": ""等级""}, 	{""bbox_2d"": [927, 19, 979, 46], ""label"": ""等级""}, 	{""bbox_2d"": [979, 19, 1031, 46], ""label"": ""等级""}, 	{""bbox_2d"": [979, 46, 1031, 73], ""label"": ""单位限制""}, 	{""bbox_2d"": [979, 73, 1031, 100], ""label"": ""单位限制""}, 	{""bbox_2d"": [979, 100, 1031, 127], ""label"": ""单位限制""}, 	{""bbox_2d"": [979, 127, 1031, 154], ""label"": ""单位限制""}, 	{""bbox_2d"": [979, 154, 1031, 181], ""label"": ""单位限制""}, 	{""bbox_2d"": [979, 181, 1031, 208], ""label"": ""单位限制""}, 	{""bbox_2d"": [979, 208, 1031, 235], ""label"": ""单位限制""}, 	{""bbox_2d"": [979, 235, 1031, 262], ""label"": ""单位限制""}, 	{""bbox_2d"": [979, 262, 1031, 289], ""label"": ""单位限制""}, 	{""bbox_2d"": [979, 289, 1031, 316], ""label"": ""单位限制""}, 	{""bbox_2d"": [979, 316, 1031, 343], ""label"": ""单位限制""}, 	{""bbox_2d"": [979, 343, 1031, 370], ""label"": ""单位限制""}, 	{""bbox_2d"": [979, 370, 1031, 397], ""label"": ""单位限制""}, 	{""bbox_2d"": [979, 397, 1031, 424], ""label"": ""单位限制""}, 	{""bbox_2d"": [979, 424, 1031, 451], ""label"": ""单位限制""},"
Qwen/Qwen3.5-0.8B,ui_bbox,UI 元素检测 (Bounding Box),明日方舟,Arknights_01.png,3,2.1296,277.44,5.8205,1024,11728,"```json [ 	{""bbox_2d"": [38, 46, 114, 114], ""label"": ""设置按钮""}, 	{""bbox_2d"": [303, 19, 355, 46], ""label"": ""能量条""}, 	{""bbox_2d"": [355, 19, 407, 46], ""label"": ""等级""}, 	{""bbox_2d"": [407, 19, 459, 46], ""label"": ""等级""}, 	{""bbox_2d"": [459, 19, 511, 46], ""label"": ""等级""}, 	{""bbox_2d"": [511, 19, 563, 46], ""label"": ""等级""}, 	{""bbox_2d"": [563, 19, 615, 46], ""label"": ""等级""}, 	{""bbox_2d"": [615, 19, 667, 46], ""label"": ""等级""}, 	{""bbox_2d"": [667, 19, 719, 46], ""label"": ""等级""}, 	{""bbox_2d"": [719, 19, 771, 46], ""label"": ""等级""}, 	{""bbox_2d"": [771, 19, 823, 46], ""label"": ""等级""}, 	{""bbox_2d"": [823, 19, 875, 46], ""label"": ""等级""}, 	{""bbox_2d"": [875, 19, 927, 46], ""label"": ""等级""}, 	{""bbox_2d"": [927, 19, 979, 46], ""label"": ""等级""}, 	{""bbox_2d"": [979, 19, 1031, 46], ""label"": ""等级""}, 	{""bbox_2d"": [979, 46, 1031, 73], ""label"": ""单位限制""}, 	{""bbox_2d"": [979, 73, 1031, 100], ""label"": ""单位限制""}, 	{""bbox_2d"": [979, 100, 1031, 127], ""label"": ""单位限制""}, 	{""bbox_2d"": [979, 127, 1031, 154], ""label"": ""单位限制""}, 	{""bbox_2d"": [979, 154, 1031, 181], ""label"": ""单位限制""}, 	{""bbox_2d"": [979, 181, 1031, 208], ""label"": ""单位限制""}, 	{""bbox_2d"": [979, 208, 1031, 235], ""label"": ""单位限制""}, 	{""bbox_2d"": [979, 235, 1031, 262], ""label"": ""单位限制""}, 	{""bbox_2d"": [979, 262, 1031, 289], ""label"": ""单位限制""}, 	{""bbox_2d"": [979, 289, 1031, 316], ""label"": ""单位限制""}, 	{""bbox_2d"": [979, 316, 1031, 343], ""label"": ""单位限制""}, 	{""bbox_2d"": [979, 343, 1031, 370], ""label"": ""单位限制""}, 	{""bbox_2d"": [979, 370, 1031, 397], ""label"": ""单位限制""}, 	{""bbox_2d"": [979, 397, 1031, 424], ""label"": ""单位限制""}, 	{""bbox_2d"": [979, 424, 1031, 451], ""label"": ""单位限制""},"
Qwen/Qwen3.5-0.8B,ui_bbox,UI 元素检测 (Bounding Box),赛博朋克2077,Cyberpunk-2077_01.png,1,2.1361,275.48,5.8532,1024,11792,"```json [ 	{""bbox_2d"": [316, 100, 342, 125], ""label"": ""小地图""}, 	{""bbox_2d"": [342, 100, 368, 125], ""label"": ""小地图""}, 	{""bbox_2d"": [368, 100, 394, 125], ""label"": ""小地图""}, 	{""bbox_2d"": [394, 100, 420, 125], ""label"": ""小地图""}, 	{""bbox_2d"": [420, 100, 446, 125], ""label"": ""小地图""}, 	{""bbox_2d"": [446, 100, 472, 125], ""label"": ""小地图""}, 	{""bbox_2d"": [472, 100, 500, 125], ""label"": ""小地图""}, 	{""bbox_2d"": [500, 100, 526, 125], ""label"": ""小地图""}, 	{""bbox_2d"": [526, 100, 552, 125], ""label"": ""小地图""}, 	{""bbox_2d"": [552, 100, 578, 125], ""label"": ""小地图""}, 	{""bbox_2d"": [578, 100, 604, 125], ""label"": ""小地图""}, 	{""bbox_2d"": [604, 100, 630, 125], ""label"": ""小地图""}, 	{""bbox_2d"": [630, 100, 656, 125], ""label"": ""小地图""}, 	{""bbox_2d"": [656, 100, 682, 125], ""label"": ""小地图""}, 	{""bbox_2d"": [682, 100, 708, 125], ""label"": ""小地图""}, 	{""bbox_2d"": [708, 100, 734, 125], ""label"": ""小地图""}, 	{""bbox_2d"": [734, 100, 760, 125], ""label"": ""小地图""}, 	{""bbox_2d"": [760, 100, 786, 125], ""label"": ""小地图""}, 	{""bbox_2d"": [786, 100, 812, 125], ""label"": ""小地图""}, 	{""bbox_2d"": [812, 100, 838, 125], ""label"": ""小地图""}, 	{""bbox_2d"": [838, 100, 864, 125], ""label"": ""小地图""}, 	{""bbox_2d"": [864, 100, 890, 125], ""label"": ""小地图""}, 	{""bbox_2d"": [890, 100, 916, 125], ""label"": ""小地图""}, 	{""bbox_2d"": [916, 100, 942, 125], ""label"": ""小地图""}, 	{""bbox_2d"": [942, 100, 968, 125], ""label"": ""小地图""}, 	{""bbox_2d"": [968, 100, 994, 125], ""label"": ""小地图""}, 	{""bbox_2d"": [994, 100, 1020, 125], ""label"": ""小地图""}, 	{""bbox_2d"": [994, 125, 1020, 146], ""label"": ""小地图""}, 	{""bbox_2d"": [994, 146, 1020, 167], ""label"": ""小地图""}, 	"
Qwen/Qwen3.5-0.8B,ui_bbox,UI 元素检测 (Bounding Box),赛博朋克2077,Cyberpunk-2077_01.png,2,2.13,269.1,5.9353,1024,11715,"```json [ 	{""bbox_2d"": [316, 100, 342, 125], ""label"": ""小地图""}, 	{""bbox_2d"": [342, 100, 368, 125], ""label"": ""小地图""}, 	{""bbox_2d"": [368, 100, 394, 125], ""label"": ""小地图""}, 	{""bbox_2d"": [394, 100, 420, 125], ""label"": ""小地图""}, 	{""bbox_2d"": [420, 100, 446, 125], ""label"": ""小地图""}, 	{""bbox_2d"": [446, 100, 472, 125], ""label"": ""小地图""}, 	{""bbox_2d"": [472, 100, 500, 125], ""label"": ""小地图""}, 	{""bbox_2d"": [500, 100, 526, 125], ""label"": ""小地图""}, 	{""bbox_2d"": [526, 100, 552, 125], ""label"": ""小地图""}, 	{""bbox_2d"": [552, 100, 578, 125], ""label"": ""小地图""}, 	{""bbox_2d"": [578, 100, 604, 125], ""label"": ""小地图""}, 	{""bbox_2d"": [604, 100, 630, 125], ""label"": ""小地图""}, 	{""bbox_2d"": [630, 100, 656, 125], ""label"": ""小地图""}, 	{""bbox_2d"": [656, 100, 682, 125], ""label"": ""小地图""}, 	{""bbox_2d"": [682, 100, 708, 125], ""label"": ""小地图""}, 	{""bbox_2d"": [708, 100, 734, 125], ""label"": ""小地图""}, 	{""bbox_2d"": [734, 100, 760, 125], ""label"": ""小地图""}, 	{""bbox_2d"": [760, 100, 786, 125], ""label"": ""小地图""}, 	{""bbox_2d"": [786, 100, 812, 125], ""label"": ""小地图""}, 	{""bbox_2d"": [812, 100, 838, 125], ""label"": ""小地图""}, 	{""bbox_2d"": [838, 100, 864, 125], ""label"": ""小地图""}, 	{""bbox_2d"": [864, 100, 890, 125], ""label"": ""小地图""}, 	{""bbox_2d"": [890, 100, 916, 125], ""label"": ""小地图""}, 	{""bbox_2d"": [916, 100, 942, 125], ""label"": ""小地图""}, 	{""bbox_2d"": [942, 100, 968, 125], ""label"": ""小地图""}, 	{""bbox_2d"": [968, 100, 994, 125], ""label"": ""小地图""}, 	{""bbox_2d"": [994, 100, 1020, 125], ""label"": ""小地图""}, 	{""bbox_2d"": [994, 125, 1020, 146], ""label"": ""小地图""}, 	{""bbox_2d"": [994, 146, 1020, 167], ""label"": ""小地图""}, 	"
Qwen/Qwen3.5-0.8B,ui_bbox,UI 元素检测 (Bounding Box),赛博朋克2077,Cyberpunk-2077_01.png,3,2.1226,272.98,5.8737,1024,11709,"```json [ 	{""bbox_2d"": [316, 100, 342, 125], ""label"": ""小地图""}, 	{""bbox_2d"": [342, 100, 368, 125], ""label"": ""小地图""}, 	{""bbox_2d"": [368, 100, 394, 125], ""label"": ""小地图""}, 	{""bbox_2d"": [394, 100, 420, 125], ""label"": ""小地图""}, 	{""bbox_2d"": [420, 100, 446, 125], ""label"": ""小地图""}, 	{""bbox_2d"": [446, 100, 472, 125], ""label"": ""小地图""}, 	{""bbox_2d"": [472, 100, 500, 125], ""label"": ""小地图""}, 	{""bbox_2d"": [500, 100, 526, 125], ""label"": ""小地图""}, 	{""bbox_2d"": [526, 100, 552, 125], ""label"": ""小地图""}, 	{""bbox_2d"": [552, 100, 578, 125], ""label"": ""小地图""}, 	{""bbox_2d"": [578, 100, 604, 125], ""label"": ""小地图""}, 	{""bbox_2d"": [604, 100, 630, 125], ""label"": ""小地图""}, 	{""bbox_2d"": [630, 100, 656, 125], ""label"": ""小地图""}, 	{""bbox_2d"": [656, 100, 682, 125], ""label"": ""小地图""}, 	{""bbox_2d"": [682, 100, 708, 125], ""label"": ""小地图""}, 	{""bbox_2d"": [708, 100, 734, 125], ""label"": ""小地图""}, 	{""bbox_2d"": [734, 100, 760, 125], ""label"": ""小地图""}, 	{""bbox_2d"": [760, 100, 786, 125], ""label"": ""小地图""}, 	{""bbox_2d"": [786, 100, 812, 125], ""label"": ""小地图""}, 	{""bbox_2d"": [812, 100, 838, 125], ""label"": ""小地图""}, 	{""bbox_2d"": [838, 100, 864, 125], ""label"": ""小地图""}, 	{""bbox_2d"": [864, 100, 890, 125], ""label"": ""小地图""}, 	{""bbox_2d"": [890, 100, 916, 125], ""label"": ""小地图""}, 	{""bbox_2d"": [916, 100, 942, 125], ""label"": ""小地图""}, 	{""bbox_2d"": [942, 100, 968, 125], ""label"": ""小地图""}, 	{""bbox_2d"": [968, 100, 994, 125], ""label"": ""小地图""}, 	{""bbox_2d"": [994, 100, 1020, 125], ""label"": ""小地图""}, 	{""bbox_2d"": [994, 125, 1020, 146], ""label"": ""小地图""}, 	{""bbox_2d"": [994, 146, 1020, 167], ""label"": ""小地图""}, 	"
Qwen/Qwen3.5-0.8B,ui_bbox,UI 元素检测 (Bounding Box),原神,Genshin-Impact_01.png,1,2.1229,275.14,5.8447,1024,11709,"```json [ 	{""bbox_2d"": [580, 605, 694, 997], ""label"": ""技能图标""}, 	{""bbox_2d"": [666, 613, 762, 997], ""label"": ""技能图标""}, 	{""bbox_2d"": [730, 650, 830, 997], ""label"": ""技能图标""}, 	{""bbox_2d"": [780, 797, 908, 997], ""label"": ""技能图标""}, 	{""bbox_2d"": [512, 693, 575, 853], ""label"": ""技能图标""}, 	{""bbox_2d"": [0, 0, 894, 842], ""label"": ""技能图标""}, 	{""bbox_2d"": [512, 693, 575, 853], ""label"": ""小地图""}, 	{""bbox_2d"": [512, 693, 575, 853], ""label"": ""小地图""}, 	{""bbox_2d"": [512, 693, 575, 853], ""label"": ""小地图""}, 	{""bbox_2d"": [512, 693, 575, 853], ""label"": ""小地图""}, 	{""bbox_2d"": [512, 693, 575, 853], ""label"": ""小地图""}, 	{""bbox_2d"": [512, 693, 575, 853], ""label"": ""小地图""}, 	{""bbox_2d"": [512, 693, 575, 853], ""label"": ""小地图""}, 	{""bbox_2d"": [512, 693, 575, 853], ""label"": ""小地图""}, 	{""bbox_2d"": [512, 693, 575, 853], ""label"": ""小地图""}, 	{""bbox_2d"": [512, 693, 575, 853], ""label"": ""小地图""}, 	{""bbox_2d"": [512, 693, 575, 853], ""label"": ""小地图""}, 	{""bbox_2d"": [512, 693, 575, 853], ""label"": ""小地图""}, 	{""bbox_2d"": [512, 693, 575, 853], ""label"": ""小地图""}, 	{""bbox_2d"": [512, 693, 575, 853], ""label"": ""小地图""}, 	{""bbox_2d"": [512, 693, 575, 853], ""label"": ""小地图""}, 	{""bbox_2d"": [512, 693, 575, 853], ""label"": ""小地图""}, 	{""bbox_2d"": [512, 693, 575, 853], ""label"": ""小地图""}, 	{""bbox_2d"": [512, 693, 575, 853], ""label"": ""小地图""}, 	{""bbox_2d"": [512, 693, 575, 853], ""label"": ""小地图""}, 	{""bbox_2d"": [512, 693, 575, 853], ""label"": ""小地图""}, 	{""bbox_2d"": [512, 693, 575, 853], ""label"": ""小地图""}, 	{""bbox_2d"": [512, 693, 575, 853], ""label"": ""小地图""}, 	{""bbox_2d"": [512, 693, 575, 853], ""label"": ""小地图""}, 	{""bbox_2d"": ["
Qwen/Qwen3.5-0.8B,ui_bbox,UI 元素检测 (Bounding Box),原神,Genshin-Impact_01.png,2,2.1307,277.91,5.8153,1024,11712,"```json [ 	{""bbox_2d"": [580, 605, 694, 997], ""label"": ""技能图标""}, 	{""bbox_2d"": [666, 613, 762, 997], ""label"": ""技能图标""}, 	{""bbox_2d"": [730, 650, 830, 997], ""label"": ""技能图标""}, 	{""bbox_2d"": [780, 797, 908, 997], ""label"": ""技能图标""}, 	{""bbox_2d"": [512, 693, 575, 853], ""label"": ""技能图标""}, 	{""bbox_2d"": [0, 0, 894, 842], ""label"": ""技能图标""}, 	{""bbox_2d"": [512, 693, 575, 853], ""label"": ""小地图""}, 	{""bbox_2d"": [512, 693, 575, 853], ""label"": ""小地图""}, 	{""bbox_2d"": [512, 693, 575, 853], ""label"": ""小地图""}, 	{""bbox_2d"": [512, 693, 575, 853], ""label"": ""小地图""}, 	{""bbox_2d"": [512, 693, 575, 853], ""label"": ""小地图""}, 	{""bbox_2d"": [512, 693, 575, 853], ""label"": ""小地图""}, 	{""bbox_2d"": [512, 693, 575, 853], ""label"": ""小地图""}, 	{""bbox_2d"": [512, 693, 575, 853], ""label"": ""小地图""}, 	{""bbox_2d"": [512, 693, 575, 853], ""label"": ""小地图""}, 	{""bbox_2d"": [512, 693, 575, 853], ""label"": ""小地图""}, 	{""bbox_2d"": [512, 693, 575, 853], ""label"": ""小地图""}, 	{""bbox_2d"": [512, 693, 575, 853], ""label"": ""小地图""}, 	{""bbox_2d"": [512, 693, 575, 853], ""label"": ""小地图""}, 	{""bbox_2d"": [512, 693, 575, 853], ""label"": ""小地图""}, 	{""bbox_2d"": [512, 693, 575, 853], ""label"": ""小地图""}, 	{""bbox_2d"": [512, 693, 575, 853], ""label"": ""小地图""}, 	{""bbox_2d"": [512, 693, 575, 853], ""label"": ""小地图""}, 	{""bbox_2d"": [512, 693, 575, 853], ""label"": ""小地图""}, 	{""bbox_2d"": [512, 693, 575, 853], ""label"": ""小地图""}, 	{""bbox_2d"": [512, 693, 575, 853], ""label"": ""小地图""}, 	{""bbox_2d"": [512, 693, 575, 853], ""label"": ""小地图""}, 	{""bbox_2d"": [512, 693, 575, 853], ""label"": ""小地图""}, 	{""bbox_2d"": [512, 693, 575, 853], ""label"": ""小地图""}, 	{""bbox_2d"": ["
Qwen/Qwen3.5-0.8B,ui_bbox,UI 元素检测 (Bounding Box),原神,Genshin-Impact_01.png,3,2.103,281.3,5.7433,1024,11707,"```json [ 	{""bbox_2d"": [580, 605, 694, 997], ""label"": ""技能图标""}, 	{""bbox_2d"": [666, 613, 762, 997], ""label"": ""技能图标""}, 	{""bbox_2d"": [730, 650, 830, 997], ""label"": ""技能图标""}, 	{""bbox_2d"": [780, 797, 908, 997], ""label"": ""技能图标""}, 	{""bbox_2d"": [512, 693, 575, 853], ""label"": ""技能图标""}, 	{""bbox_2d"": [0, 0, 894, 842], ""label"": ""技能图标""}, 	{""bbox_2d"": [512, 693, 575, 853], ""label"": ""小地图""}, 	{""bbox_2d"": [512, 693, 575, 853], ""label"": ""小地图""}, 	{""bbox_2d"": [512, 693, 575, 853], ""label"": ""小地图""}, 	{""bbox_2d"": [512, 693, 575, 853], ""label"": ""小地图""}, 	{""bbox_2d"": [512, 693, 575, 853], ""label"": ""小地图""}, 	{""bbox_2d"": [512, 693, 575, 853], ""label"": ""小地图""}, 	{""bbox_2d"": [512, 693, 575, 853], ""label"": ""小地图""}, 	{""bbox_2d"": [512, 693, 575, 853], ""label"": ""小地图""}, 	{""bbox_2d"": [512, 693, 575, 853], ""label"": ""小地图""}, 	{""bbox_2d"": [512, 693, 575, 853], ""label"": ""小地图""}, 	{""bbox_2d"": [512, 693, 575, 853], ""label"": ""小地图""}, 	{""bbox_2d"": [512, 693, 575, 853], ""label"": ""小地图""}, 	{""bbox_2d"": [512, 693, 575, 853], ""label"": ""小地图""}, 	{""bbox_2d"": [512, 693, 575, 853], ""label"": ""小地图""}, 	{""bbox_2d"": [512, 693, 575, 853], ""label"": ""小地图""}, 	{""bbox_2d"": [512, 693, 575, 853], ""label"": ""小地图""}, 	{""bbox_2d"": [512, 693, 575, 853], ""label"": ""小地图""}, 	{""bbox_2d"": [512, 693, 575, 853], ""label"": ""小地图""}, 	{""bbox_2d"": [512, 693, 575, 853], ""label"": ""小地图""}, 	{""bbox_2d"": [512, 693, 575, 853], ""label"": ""小地图""}, 	{""bbox_2d"": [512, 693, 575, 853], ""label"": ""小地图""}, 	{""bbox_2d"": [512, 693, 575, 853], ""label"": ""小地图""}, 	{""bbox_2d"": [512, 693, 575, 853], ""label"": ""小地图""}, 	{""bbox_2d"": ["
Qwen/Qwen3.5-0.8B,ui_bbox,UI 元素检测 (Bounding Box),我的世界,Minecraft_01.png,1,2.1511,261.57,6.0659,1024,11706,"```json [ 	{""bbox_2d"": [100, 783, 112, 800], ""label"": ""血条""}, 	{""bbox_2d"": [112, 783, 124, 800], ""label"": ""血条""}, 	{""bbox_2d"": [124, 783, 136, 800], ""label"": ""血条""}, 	{""bbox_2d"": [136, 783, 148, 800], ""label"": ""血条""}, 	{""bbox_2d"": [148, 783, 160, 800], ""label"": ""血条""}, 	{""bbox_2d"": [160, 783, 172, 800], ""label"": ""血条""}, 	{""bbox_2d"": [172, 783, 184, 800], ""label"": ""血条""}, 	{""bbox_2d"": [184, 783, 196, 800], ""label"": ""血条""}, 	{""bbox_2d"": [196, 783, 208, 800], ""label"": ""血条""}, 	{""bbox_2d"": [208, 783, 220, 800], ""label"": ""血条""}, 	{""bbox_2d"": [220, 783, 232, 800], ""label"": ""血条""}, 	{""bbox_2d"": [232, 783, 244, 800], ""label"": ""血条""}, 	{""bbox_2d"": [244, 783, 256, 800], ""label"": ""血条""}, 	{""bbox_2d"": [256, 783, 268, 800], ""label"": ""血条""}, 	{""bbox_2d"": [268, 783, 280, 800], ""label"": ""血条""}, 	{""bbox_2d"": [280, 783, 292, 800], ""label"": ""血条""}, 	{""bbox_2d"": [292, 783, 304, 800], ""label"": ""血条""}, 	{""bbox_2d"": [304, 783, 316, 800], ""label"": ""血条""}, 	{""bbox_2d"": [316, 783, 328, 800], ""label"": ""血条""}, 	{""bbox_2d"": [328, 783, 340, 800], ""label"": ""血条""}, 	{""bbox_2d"": [340, 783, 352, 800], ""label"": ""血条""}, 	{""bbox_2d"": [352, 783, 364, 800], ""label"": ""血条""}, 	{""bbox_2d"": [364, 783, 376, 800], ""label"": ""血条""}, 	{""bbox_2d"": [376, 783, 388, 800], ""label"": ""血条""}, 	{""bbox_2d"": [388, 783, 400, 800], ""label"": ""血条""}, 	{""bbox_2d"": [400, 783, 412, 800], ""label"": ""血条""}, 	{""bbox_2d"": [412, 783, 424, 800], ""label"": ""血条""}, 	{""bbox_2d"": [424, 783, 436, 800], ""label"": ""血条""}, 	{""bbox_2d"": [436, 783, 448, 800], ""label"": ""血条""}, 	{""bbox_"
Qwen/Qwen3.5-0.8B,ui_bbox,UI 元素检测 (Bounding Box),我的世界,Minecraft_01.png,2,2.1676,266.84,6.0051,1024,11706,"```json [ 	{""bbox_2d"": [100, 783, 112, 800], ""label"": ""血条""}, 	{""bbox_2d"": [112, 783, 124, 800], ""label"": ""血条""}, 	{""bbox_2d"": [124, 783, 136, 800], ""label"": ""血条""}, 	{""bbox_2d"": [136, 783, 148, 800], ""label"": ""血条""}, 	{""bbox_2d"": [148, 783, 160, 800], ""label"": ""血条""}, 	{""bbox_2d"": [160, 783, 172, 800], ""label"": ""血条""}, 	{""bbox_2d"": [172, 783, 184, 800], ""label"": ""血条""}, 	{""bbox_2d"": [184, 783, 196, 800], ""label"": ""血条""}, 	{""bbox_2d"": [196, 783, 208, 800], ""label"": ""血条""}, 	{""bbox_2d"": [208, 783, 220, 800], ""label"": ""血条""}, 	{""bbox_2d"": [220, 783, 232, 800], ""label"": ""血条""}, 	{""bbox_2d"": [232, 783, 244, 800], ""label"": ""血条""}, 	{""bbox_2d"": [244, 783, 256, 800], ""label"": ""血条""}, 	{""bbox_2d"": [256, 783, 268, 800], ""label"": ""血条""}, 	{""bbox_2d"": [268, 783, 280, 800], ""label"": ""血条""}, 	{""bbox_2d"": [280, 783, 292, 800], ""label"": ""血条""}, 	{""bbox_2d"": [292, 783, 304, 800], ""label"": ""血条""}, 	{""bbox_2d"": [304, 783, 316, 800], ""label"": ""血条""}, 	{""bbox_2d"": [316, 783, 328, 800], ""label"": ""血条""}, 	{""bbox_2d"": [328, 783, 340, 800], ""label"": ""血条""}, 	{""bbox_2d"": [340, 783, 352, 800], ""label"": ""血条""}, 	{""bbox_2d"": [352, 783, 364, 800], ""label"": ""血条""}, 	{""bbox_2d"": [364, 783, 376, 800], ""label"": ""血条""}, 	{""bbox_2d"": [376, 783, 388, 800], ""label"": ""血条""}, 	{""bbox_2d"": [388, 783, 400, 800], ""label"": ""血条""}, 	{""bbox_2d"": [400, 783, 412, 800], ""label"": ""血条""}, 	{""bbox_2d"": [412, 783, 424, 800], ""label"": ""血条""}, 	{""bbox_2d"": [424, 783, 436, 800], ""label"": ""血条""}, 	{""bbox_2d"": [436, 783, 448, 800], ""label"": ""血条""}, 	{""bbox_"
Qwen/Qwen3.5-0.8B,ui_bbox,UI 元素检测 (Bounding Box),我的世界,Minecraft_01.png,3,2.1709,270.41,5.9578,1024,11707,"```json [ 	{""bbox_2d"": [100, 783, 112, 800], ""label"": ""血条""}, 	{""bbox_2d"": [112, 783, 124, 800], ""label"": ""血条""}, 	{""bbox_2d"": [124, 783, 136, 800], ""label"": ""血条""}, 	{""bbox_2d"": [136, 783, 148, 800], ""label"": ""血条""}, 	{""bbox_2d"": [148, 783, 160, 800], ""label"": ""血条""}, 	{""bbox_2d"": [160, 783, 172, 800], ""label"": ""血条""}, 	{""bbox_2d"": [172, 783, 184, 800], ""label"": ""血条""}, 	{""bbox_2d"": [184, 783, 196, 800], ""label"": ""血条""}, 	{""bbox_2d"": [196, 783, 208, 800], ""label"": ""血条""}, 	{""bbox_2d"": [208, 783, 220, 800], ""label"": ""血条""}, 	{""bbox_2d"": [220, 783, 232, 800], ""label"": ""血条""}, 	{""bbox_2d"": [232, 783, 244, 800], ""label"": ""血条""}, 	{""bbox_2d"": [244, 783, 256, 800], ""label"": ""血条""}, 	{""bbox_2d"": [256, 783, 268, 800], ""label"": ""血条""}, 	{""bbox_2d"": [268, 783, 280, 800], ""label"": ""血条""}, 	{""bbox_2d"": [280, 783, 292, 800], ""label"": ""血条""}, 	{""bbox_2d"": [292, 783, 304, 800], ""label"": ""血条""}, 	{""bbox_2d"": [304, 783, 316, 800], ""label"": ""血条""}, 	{""bbox_2d"": [316, 783, 328, 800], ""label"": ""血条""}, 	{""bbox_2d"": [328, 783, 340, 800], ""label"": ""血条""}, 	{""bbox_2d"": [340, 783, 352, 800], ""label"": ""血条""}, 	{""bbox_2d"": [352, 783, 364, 800], ""label"": ""血条""}, 	{""bbox_2d"": [364, 783, 376, 800], ""label"": ""血条""}, 	{""bbox_2d"": [376, 783, 388, 800], ""label"": ""血条""}, 	{""bbox_2d"": [388, 783, 400, 800], ""label"": ""血条""}, 	{""bbox_2d"": [400, 783, 412, 800], ""label"": ""血条""}, 	{""bbox_2d"": [412, 783, 424, 800], ""label"": ""血条""}, 	{""bbox_2d"": [424, 783, 436, 800], ""label"": ""血条""}, 	{""bbox_2d"": [436, 783, 448, 800], ""label"": ""血条""}, 	{""bbox_"
Qwen/Qwen3.5-0.8B,ui_bbox,UI 元素检测 (Bounding Box),女神异闻录5 皇家版,P5R_01.png,1,2.1111,281.23,5.7523,1024,11732,"```json [ 	{""bbox_2d"": [58, 20, 150, 100], ""label"": ""血条""}, 	{""bbox_2d"": [150, 20, 246, 100], ""label"": ""血条""}, 	{""bbox_2d"": [246, 20, 342, 100], ""label"": ""血条""}, 	{""bbox_2d"": [342, 20, 438, 100], ""label"": ""血条""}, 	{""bbox_2d"": [438, 20, 534, 100], ""label"": ""血条""}, 	{""bbox_2d"": [534, 20, 630, 100], ""label"": ""血条""}, 	{""bbox_2d"": [630, 20, 726, 100], ""label"": ""血条""}, 	{""bbox_2d"": [726, 20, 822, 100], ""label"": ""血条""}, 	{""bbox_2d"": [822, 20, 918, 100], ""label"": ""血条""}, 	{""bbox_2d"": [10, 888, 100, 918], ""label"": ""得分/金币显示""}, 	{""bbox_2d"": [100, 888, 196, 918], ""label"": ""得分/金币显示""}, 	{""bbox_2d"": [196, 888, 292, 918], ""label"": ""得分/金币显示""}, 	{""bbox_2d"": [292, 888, 388, 918], ""label"": ""得分/金币显示""}, 	{""bbox_2d"": [388, 888, 484, 918], ""label"": ""得分/金币显示""}, 	{""bbox_2d"": [484, 888, 580, 918], ""label"": ""得分/金币显示""}, 	{""bbox_2d"": [580, 888, 676, 918], ""label"": ""得分/金币显示""}, 	{""bbox_2d"": [676, 888, 772, 918], ""label"": ""得分/金币显示""}, 	{""bbox_2d"": [772, 888, 868, 918], ""label"": ""得分/金币显示""}, 	{""bbox_2d"": [868, 888, 964, 918], ""label"": ""得分/金币显示""}, 	{""bbox_2d"": [10, 600, 100, 610], ""label"": ""对话框""}, 	{""bbox_2d"": [10, 610, 100, 620], ""label"": ""对话框""}, 	{""bbox_2d"": [10, 620, 100, 630], ""label"": ""对话框""}, 	{""bbox_2d"": [10, 630, 100, 640], ""label"": ""对话框""}, 	{""bbox_2d"": [10, 640, 100, 650], ""label"": ""对话框""}, 	{""bbox_2d"": [10, 650, 100, 660], ""label"": ""对话框""}, 	{""bbox_2d"": [10, 660, 100, 670], ""label"": ""对话框""}, 	{""bbox_2d"": [10, 670, 100, 680], ""label"": ""对话框""}, 	{""bbox_2d"": [10, 680, 100, 690], ""label"": ""对话框""}, 	{""bbox_2d"": [10, 690, 100, 700], ""label"": ""对话框""}, 	{""bbox_2d"": [10, 700"
Qwen/Qwen3.5-0.8B,ui_bbox,UI 元素检测 (Bounding Box),女神异闻录5 皇家版,P5R_01.png,2,2.12,279.43,5.7846,1024,11724,"```json [ 	{""bbox_2d"": [58, 20, 150, 100], ""label"": ""血条""}, 	{""bbox_2d"": [150, 20, 246, 100], ""label"": ""血条""}, 	{""bbox_2d"": [246, 20, 342, 100], ""label"": ""血条""}, 	{""bbox_2d"": [342, 20, 438, 100], ""label"": ""血条""}, 	{""bbox_2d"": [438, 20, 534, 100], ""label"": ""血条""}, 	{""bbox_2d"": [534, 20, 630, 100], ""label"": ""血条""}, 	{""bbox_2d"": [630, 20, 726, 100], ""label"": ""血条""}, 	{""bbox_2d"": [726, 20, 822, 100], ""label"": ""血条""}, 	{""bbox_2d"": [822, 20, 918, 100], ""label"": ""血条""}, 	{""bbox_2d"": [10, 888, 100, 918], ""label"": ""得分/金币显示""}, 	{""bbox_2d"": [100, 888, 196, 918], ""label"": ""得分/金币显示""}, 	{""bbox_2d"": [196, 888, 292, 918], ""label"": ""得分/金币显示""}, 	{""bbox_2d"": [292, 888, 388, 918], ""label"": ""得分/金币显示""}, 	{""bbox_2d"": [388, 888, 484, 918], ""label"": ""得分/金币显示""}, 	{""bbox_2d"": [484, 888, 580, 918], ""label"": ""得分/金币显示""}, 	{""bbox_2d"": [580, 888, 676, 918], ""label"": ""得分/金币显示""}, 	{""bbox_2d"": [676, 888, 772, 918], ""label"": ""得分/金币显示""}, 	{""bbox_2d"": [772, 888, 868, 918], ""label"": ""得分/金币显示""}, 	{""bbox_2d"": [868, 888, 964, 918], ""label"": ""得分/金币显示""}, 	{""bbox_2d"": [10, 600, 100, 610], ""label"": ""对话框""}, 	{""bbox_2d"": [10, 610, 100, 620], ""label"": ""对话框""}, 	{""bbox_2d"": [10, 620, 100, 630], ""label"": ""对话框""}, 	{""bbox_2d"": [10, 630, 100, 640], ""label"": ""对话框""}, 	{""bbox_2d"": [10, 640, 100, 650], ""label"": ""对话框""}, 	{""bbox_2d"": [10, 650, 100, 660], ""label"": ""对话框""}, 	{""bbox_2d"": [10, 660, 100, 670], ""label"": ""对话框""}, 	{""bbox_2d"": [10, 670, 100, 680], ""label"": ""对话框""}, 	{""bbox_2d"": [10, 680, 100, 690], ""label"": ""对话框""}, 	{""bbox_2d"": [10, 690, 100, 700], ""label"": ""对话框""}, 	{""bbox_2d"": [10, 700"
Qwen/Qwen3.5-0.8B,ui_bbox,UI 元素检测 (Bounding Box),女神异闻录5 皇家版,P5R_01.png,3,2.0944,282.75,5.7161,1024,11712,"```json [ 	{""bbox_2d"": [58, 20, 150, 100], ""label"": ""血条""}, 	{""bbox_2d"": [150, 20, 246, 100], ""label"": ""血条""}, 	{""bbox_2d"": [246, 20, 342, 100], ""label"": ""血条""}, 	{""bbox_2d"": [342, 20, 438, 100], ""label"": ""血条""}, 	{""bbox_2d"": [438, 20, 534, 100], ""label"": ""血条""}, 	{""bbox_2d"": [534, 20, 630, 100], ""label"": ""血条""}, 	{""bbox_2d"": [630, 20, 726, 100], ""label"": ""血条""}, 	{""bbox_2d"": [726, 20, 822, 100], ""label"": ""血条""}, 	{""bbox_2d"": [822, 20, 918, 100], ""label"": ""血条""}, 	{""bbox_2d"": [10, 888, 100, 918], ""label"": ""得分/金币显示""}, 	{""bbox_2d"": [100, 888, 196, 918], ""label"": ""得分/金币显示""}, 	{""bbox_2d"": [196, 888, 292, 918], ""label"": ""得分/金币显示""}, 	{""bbox_2d"": [292, 888, 388, 918], ""label"": ""得分/金币显示""}, 	{""bbox_2d"": [388, 888, 484, 918], ""label"": ""得分/金币显示""}, 	{""bbox_2d"": [484, 888, 580, 918], ""label"": ""得分/金币显示""}, 	{""bbox_2d"": [580, 888, 676, 918], ""label"": ""得分/金币显示""}, 	{""bbox_2d"": [676, 888, 772, 918], ""label"": ""得分/金币显示""}, 	{""bbox_2d"": [772, 888, 868, 918], ""label"": ""得分/金币显示""}, 	{""bbox_2d"": [868, 888, 964, 918], ""label"": ""得分/金币显示""}, 	{""bbox_2d"": [10, 600, 100, 610], ""label"": ""对话框""}, 	{""bbox_2d"": [10, 610, 100, 620], ""label"": ""对话框""}, 	{""bbox_2d"": [10, 620, 100, 630], ""label"": ""对话框""}, 	{""bbox_2d"": [10, 630, 100, 640], ""label"": ""对话框""}, 	{""bbox_2d"": [10, 640, 100, 650], ""label"": ""对话框""}, 	{""bbox_2d"": [10, 650, 100, 660], ""label"": ""对话框""}, 	{""bbox_2d"": [10, 660, 100, 670], ""label"": ""对话框""}, 	{""bbox_2d"": [10, 670, 100, 680], ""label"": ""对话框""}, 	{""bbox_2d"": [10, 680, 100, 690], ""label"": ""对话框""}, 	{""bbox_2d"": [10, 690, 100, 700], ""label"": ""对话框""}, 	{""bbox_2d"": [10, 700"
Qwen/Qwen3.5-0.8B,ui_bbox,UI 元素检测 (Bounding Box),超级马里奥兄弟,SuperMarioBros_01.png,1,2.0976,272.57,5.8544,1024,11712,"```json [ 	{""bbox_2d"": [302, 79, 688, 342], ""label"": ""得分/金币显示""}, 	{""bbox_2d"": [844, 112, 884, 159], ""label"": ""得分/金币显示""}, 	{""bbox_2d"": [762, 312, 802, 359], ""label"": ""得分/金币显示""}, 	{""bbox_2d"": [502, 412, 542, 459], ""label"": ""得分/金币显示""}, 	{""bbox_2d"": [142, 412, 182, 459], ""label"": ""得分/金币显示""}, 	{""bbox_2d"": [912, 742, 968, 829], ""label"": ""得分/金币显示""}, 	{""bbox_2d"": [584, 732, 630, 779], ""label"": ""得分/金币显示""}, 	{""bbox_2d"": [302, 732, 348, 779], ""label"": ""得分/金币显示""}, 	{""bbox_2d"": [142, 732, 182, 779], ""label"": ""得分/金币显示""}, 	{""bbox_2d"": [912, 742, 968, 829], ""label"": ""得分/金币显示""}, 	{""bbox_2d"": [584, 732, 630, 779], ""label"": ""得分/金币显示""}, 	{""bbox_2d"": [302, 732, 348, 779], ""label"": ""得分/金币显示""}, 	{""bbox_2d"": [142, 732, 182, 779], ""label"": ""得分/金币显示""}, 	{""bbox_2d"": [142, 732, 182, 779], ""label"": ""得分/金币显示""}, 	{""bbox_2d"": [142, 732, 182, 779], ""label"": ""得分/金币显示""}, 	{""bbox_2d"": [142, 732, 182, 779], ""label"": ""得分/金币显示""}, 	{""bbox_2d"": [142, 732, 182, 779], ""label"": ""得分/金币显示""}, 	{""bbox_2d"": [142, 732, 182, 779], ""label"": ""得分/金币显示""}, 	{""bbox_2d"": [142, 732, 182, 779], ""label"": ""得分/金币显示""}, 	{""bbox_2d"": [142, 732, 182, 779], ""label"": ""得分/金币显示""}, 	{""bbox_2d"": [142, 732, 182, 779], ""label"": ""得分/金币显示""}, 	{""bbox_2d"": [142, 732, 182, 779], ""label"": ""得分/金币显示""}, 	{""bbox_2d"": [142, 732, 182, 779], ""label"": ""得分/金币显示""}, 	{""bbox_2d"": [142, 732, 182, 779], ""label"": ""得分/金币显示""}, 	{""bbox_2d"": [142, 732, 182, 779], ""label"": ""得分/金币显示""}, 	{""bbox_2d"": [142, 732, 182, 779], ""label"": ""得分/金币显示""}, 	{""bbox_2d"": [142, 732, 182, 779], ""label"": ""得分/金币显示""}, 	{""bbox_2d"": [142, 732, 182"
Qwen/Qwen3.5-0.8B,ui_bbox,UI 元素检测 (Bounding Box),超级马里奥兄弟,SuperMarioBros_01.png,2,2.1018,271.08,5.8793,1024,11712,"```json [ 	{""bbox_2d"": [302, 79, 688, 342], ""label"": ""得分/金币显示""}, 	{""bbox_2d"": [844, 112, 884, 159], ""label"": ""得分/金币显示""}, 	{""bbox_2d"": [762, 312, 802, 359], ""label"": ""得分/金币显示""}, 	{""bbox_2d"": [502, 412, 542, 459], ""label"": ""得分/金币显示""}, 	{""bbox_2d"": [142, 412, 182, 459], ""label"": ""得分/金币显示""}, 	{""bbox_2d"": [912, 742, 968, 829], ""label"": ""得分/金币显示""}, 	{""bbox_2d"": [584, 732, 630, 779], ""label"": ""得分/金币显示""}, 	{""bbox_2d"": [302, 732, 348, 779], ""label"": ""得分/金币显示""}, 	{""bbox_2d"": [142, 732, 182, 779], ""label"": ""得分/金币显示""}, 	{""bbox_2d"": [912, 742, 968, 829], ""label"": ""得分/金币显示""}, 	{""bbox_2d"": [584, 732, 630, 779], ""label"": ""得分/金币显示""}, 	{""bbox_2d"": [302, 732, 348, 779], ""label"": ""得分/金币显示""}, 	{""bbox_2d"": [142, 732, 182, 779], ""label"": ""得分/金币显示""}, 	{""bbox_2d"": [142, 732, 182, 779], ""label"": ""得分/金币显示""}, 	{""bbox_2d"": [142, 732, 182, 779], ""label"": ""得分/金币显示""}, 	{""bbox_2d"": [142, 732, 182, 779], ""label"": ""得分/金币显示""}, 	{""bbox_2d"": [142, 732, 182, 779], ""label"": ""得分/金币显示""}, 	{""bbox_2d"": [142, 732, 182, 779], ""label"": ""得分/金币显示""}, 	{""bbox_2d"": [142, 732, 182, 779], ""label"": ""得分/金币显示""}, 	{""bbox_2d"": [142, 732, 182, 779], ""label"": ""得分/金币显示""}, 	{""bbox_2d"": [142, 732, 182, 779], ""label"": ""得分/金币显示""}, 	{""bbox_2d"": [142, 732, 182, 779], ""label"": ""得分/金币显示""}, 	{""bbox_2d"": [142, 732, 182, 779], ""label"": ""得分/金币显示""}, 	{""bbox_2d"": [142, 732, 182, 779], ""label"": ""得分/金币显示""}, 	{""bbox_2d"": [142, 732, 182, 779], ""label"": ""得分/金币显示""}, 	{""bbox_2d"": [142, 732, 182, 779], ""label"": ""得分/金币显示""}, 	{""bbox_2d"": [142, 732, 182, 779], ""label"": ""得分/金币显示""}, 	{""bbox_2d"": [142, 732, 182"
Qwen/Qwen3.5-0.8B,ui_bbox,UI 元素检测 (Bounding Box),超级马里奥兄弟,SuperMarioBros_01.png,3,2.1172,275.5,5.834,1024,11712,"```json [ 	{""bbox_2d"": [302, 79, 688, 342], ""label"": ""得分/金币显示""}, 	{""bbox_2d"": [844, 112, 884, 159], ""label"": ""得分/金币显示""}, 	{""bbox_2d"": [762, 312, 802, 359], ""label"": ""得分/金币显示""}, 	{""bbox_2d"": [502, 412, 542, 459], ""label"": ""得分/金币显示""}, 	{""bbox_2d"": [142, 412, 182, 459], ""label"": ""得分/金币显示""}, 	{""bbox_2d"": [912, 742, 968, 829], ""label"": ""得分/金币显示""}, 	{""bbox_2d"": [584, 732, 630, 779], ""label"": ""得分/金币显示""}, 	{""bbox_2d"": [302, 732, 348, 779], ""label"": ""得分/金币显示""}, 	{""bbox_2d"": [142, 732, 182, 779], ""label"": ""得分/金币显示""}, 	{""bbox_2d"": [912, 742, 968, 829], ""label"": ""得分/金币显示""}, 	{""bbox_2d"": [584, 732, 630, 779], ""label"": ""得分/金币显示""}, 	{""bbox_2d"": [302, 732, 348, 779], ""label"": ""得分/金币显示""}, 	{""bbox_2d"": [142, 732, 182, 779], ""label"": ""得分/金币显示""}, 	{""bbox_2d"": [142, 732, 182, 779], ""label"": ""得分/金币显示""}, 	{""bbox_2d"": [142, 732, 182, 779], ""label"": ""得分/金币显示""}, 	{""bbox_2d"": [142, 732, 182, 779], ""label"": ""得分/金币显示""}, 	{""bbox_2d"": [142, 732, 182, 779], ""label"": ""得分/金币显示""}, 	{""bbox_2d"": [142, 732, 182, 779], ""label"": ""得分/金币显示""}, 	{""bbox_2d"": [142, 732, 182, 779], ""label"": ""得分/金币显示""}, 	{""bbox_2d"": [142, 732, 182, 779], ""label"": ""得分/金币显示""}, 	{""bbox_2d"": [142, 732, 182, 779], ""label"": ""得分/金币显示""}, 	{""bbox_2d"": [142, 732, 182, 779], ""label"": ""得分/金币显示""}, 	{""bbox_2d"": [142, 732, 182, 779], ""label"": ""得分/金币显示""}, 	{""bbox_2d"": [142, 732, 182, 779], ""label"": ""得分/金币显示""}, 	{""bbox_2d"": [142, 732, 182, 779], ""label"": ""得分/金币显示""}, 	{""bbox_2d"": [142, 732, 182, 779], ""label"": ""得分/金币显示""}, 	{""bbox_2d"": [142, 732, 182, 779], ""label"": ""得分/金币显示""}, 	{""bbox_2d"": [142, 732, 182"
Qwen/Qwen3.5-0.8B,scene_desc,画面描述,明日方舟,Arknights_01.png,1,2.1563,255.47,3.1506,254,11712,这张截图来自《明日方舟》这款策略塔防手游，画面呈现的是战斗场景。场景位于一个类似工业或太空舱的室内环境中，地面由金属网格和不同颜色的方块组成，整体色调偏冷，带有金属质感和科技感。  画面中央区域有三位角色正在进行战斗：左侧是一位白发女性角色，身穿红色战斗服，手持武器，正面向右侧；中间是一位银发角色，装备着机械装置，似乎正在施放技能；右侧则是一位金发角色，同样手持武器，处于战斗状态。她们周围有绿色和黄色的能量粒子特效，表明正在进行战斗。  左上角显示“UP”按钮和“ATTITUDE SWITCH”字样，右上角有“2X”倍率标识和暂停按钮，右下角则显示“Unit Limit: 2”和“76”的数值，表明当前单位数量为2。左下角有“DOWN”按钮，右下角还有“X1”的倍率标识。  底部是干员技能栏，显示当前技能等级为10、5、16、15、15、24、25，每个技能图标下方都有对应的数值。整体画面清晰展示了游戏战斗场景的布局、角色状态和战斗细节。
Qwen/Qwen3.5-0.8B,scene_desc,画面描述,明日方舟,Arknights_01.png,2,2.1273,259.7,3.1053,254,11714,这张截图来自《明日方舟》这款策略塔防手游，画面呈现的是战斗场景。场景位于一个类似工业或太空舱的室内环境中，地面由金属网格和不同颜色的方块组成，整体色调偏冷，带有金属质感和科技感。  画面中央区域有三位角色正在进行战斗：左侧是一位白发女性角色，身穿红色战斗服，手持武器，正面向右侧；中间是一位银发角色，装备着机械装置，似乎正在施放技能；右侧则是一位金发角色，同样手持武器，处于战斗状态。她们周围有绿色和黄色的能量粒子特效，表明正在进行战斗。  左上角显示“UP”按钮和“ATTITUDE SWITCH”字样，右上角有“2X”倍率标识和暂停按钮，右下角则显示“Unit Limit: 2”和“76”的数值，表明当前单位数量为2。左下角有“DOWN”按钮，右下角还有“X1”的倍率标识。  底部是干员技能栏，显示当前技能等级为10、5、16、15、15、24、25，每个技能图标下方都有对应的数值。整体画面清晰展示了游戏战斗场景的布局、角色状态和战斗细节。
Qwen/Qwen3.5-0.8B,scene_desc,画面描述,明日方舟,Arknights_01.png,3,2.1597,258.44,3.1425,254,11714,这张截图来自《明日方舟》这款策略塔防手游，画面呈现的是战斗场景。场景位于一个类似工业或太空舱的室内环境中，地面由金属网格和不同颜色的方块组成，整体色调偏冷，带有金属质感和科技感。  画面中央区域有三位角色正在进行战斗：左侧是一位白发女性角色，身穿红色战斗服，手持武器，正面向右侧；中间是一位银发角色，装备着机械装置，似乎正在施放技能；右侧则是一位金发角色，同样手持武器，处于战斗状态。她们周围有绿色和黄色的能量粒子特效，表明正在进行战斗。  左上角显示“UP”按钮和“ATTITUDE SWITCH”字样，右上角有“2X”倍率标识和暂停按钮，右下角则显示“Unit Limit: 2”和“76”的数值，表明当前单位数量为2。左下角有“DOWN”按钮，右下角还有“X1”的倍率标识。  底部是干员技能栏，显示当前技能等级为10、5、16、15、15、24、25，每个技能图标下方都有对应的数值。整体画面清晰展示了游戏战斗场景的布局、角色状态和战斗细节。
Qwen/Qwen3.5-0.8B,scene_desc,画面描述,赛博朋克2077,Cyberpunk-2077_01.png,1,2.1146,251.82,3.0279,230,11720,"这张赛博朋克2077的游戏截图展现了一个充满未来感的都市环境。画面中，一辆改装过的黑色跑车正沿着弯曲的柏油路行驶，车身带有醒目的橙色装饰条和双排气管，车尾标有""LIMITED""字样。车辆后方有一名身穿黑色服装的角色正站在路边，似乎在与玩家进行对话或准备行动。  场景位于一个繁忙的夜之城区域，周围是密集的建筑群和广告牌，其中可见卫星接收器、霓虹灯招牌等标志性元素。天空晴朗，阳光充足，整体光线明亮，营造出一种既现代又略带工业感的氛围。  屏幕上方显示着游戏界面元素，包括任务提示、对话字幕以及""GOING PRO""等选项。底部显示着玩家与NPC""Jackie""的对话内容：""Should be lookin' for a new spot to slice 'n' dice, not gunnin' after us.""，表明当前处于探索或任务推进阶段。  整体画面传达出一种紧张而充满活力的都市冒险氛围，玩家正驾驶着改装车辆在城市中穿梭，与周围的环境和NPC互动。"
Qwen/Qwen3.5-0.8B,scene_desc,画面描述,赛博朋克2077,Cyberpunk-2077_01.png,2,2.1097,253.0,3.0188,230,11720,"这张赛博朋克2077的游戏截图展现了一个充满未来感的都市环境。画面中，一辆改装过的黑色跑车正沿着弯曲的柏油路行驶，车身带有醒目的橙色装饰条和双排气管，车尾标有""LIMITED""字样。车辆后方有一名身穿黑色服装的角色正站在路边，似乎在与玩家进行对话或准备行动。  场景位于一个繁忙的夜之城区域，周围是密集的建筑群和广告牌，其中可见卫星接收器、霓虹灯招牌等标志性元素。天空晴朗，阳光充足，整体光线明亮，营造出一种既现代又略带工业感的氛围。  屏幕上方显示着游戏界面元素，包括任务提示、对话字幕以及""GOING PRO""等选项。底部显示着玩家与NPC""Jackie""的对话内容：""Should be lookin' for a new spot to slice 'n' dice, not gunnin' after us.""，表明当前处于探索或任务推进阶段。  整体画面传达出一种紧张而充满活力的都市冒险氛围，玩家正驾驶着改装车辆在城市中穿梭，与周围的环境和NPC互动。"
Qwen/Qwen3.5-0.8B,scene_desc,画面描述,赛博朋克2077,Cyberpunk-2077_01.png,3,2.1164,253.68,3.023,230,11720,"这张赛博朋克2077的游戏截图展现了一个充满未来感的都市环境。画面中，一辆改装过的黑色跑车正沿着弯曲的柏油路行驶，车身带有醒目的橙色装饰条和双排气管，车尾标有""LIMITED""字样。车辆后方有一名身穿黑色服装的角色正站在路边，似乎在与玩家进行对话或准备行动。  场景位于一个繁忙的夜之城区域，周围是密集的建筑群和广告牌，其中可见卫星接收器、霓虹灯招牌等标志性元素。天空晴朗，阳光充足，整体光线明亮，营造出一种既现代又略带工业感的氛围。  屏幕上方显示着游戏界面元素，包括任务提示、对话字幕以及""GOING PRO""等选项。底部显示着玩家与NPC""Jackie""的对话内容：""Should be lookin' for a new spot to slice 'n' dice, not gunnin' after us.""，表明当前处于探索或任务推进阶段。  整体画面传达出一种紧张而充满活力的都市冒险氛围，玩家正驾驶着改装车辆在城市中穿梭，与周围的环境和NPC互动。"
Qwen/Qwen3.5-0.8B,scene_desc,画面描述,原神,Genshin-Impact_01.png,1,2.1013,257.2,2.7273,161,11720,这张游戏截图展现了《原神》中提瓦特大陆的一个精彩场景。画面背景是晴朗的蓝天白云，阳光透过云层洒下，营造出明亮开阔的氛围。前景是一片翠绿的草地，草地上站着四位身着不同服饰的角色，他们面向左侧巨大的蓝色龙形生物，姿态各异，似乎正在与巨龙进行互动。  左侧的蓝色巨龙张开大嘴，露出锋利的牙齿，其翅膀上闪烁着蓝色的光芒，整体造型威武而神秘。角色们站在草地上，其中一位角色似乎正在与巨龙进行某种交流或战斗，其他角色则保持观察或准备应对的姿态。  整个场景充满动感，角色们与巨龙的互动暗示着可能正在进行元素反应战斗或探索任务。画面色彩鲜艳，光影效果突出，展现了游戏精美的视觉表现力。
Qwen/Qwen3.5-0.8B,scene_desc,画面描述,原神,Genshin-Impact_01.png,2,2.1009,250.25,2.7442,161,11720,这张游戏截图展现了《原神》中提瓦特大陆的一个精彩场景。画面背景是晴朗的蓝天白云，阳光透过云层洒下，营造出明亮开阔的氛围。前景是一片翠绿的草地，草地上站着四位身着不同服饰的角色，他们面向左侧巨大的蓝色龙形生物，姿态各异，似乎正在与巨龙进行互动。  左侧的蓝色巨龙张开大嘴，露出锋利的牙齿，其翅膀上闪烁着蓝色的光芒，整体造型威武而神秘。角色们站在草地上，其中一位角色似乎正在与巨龙进行某种交流或战斗，其他角色则保持观察或准备应对的姿态。  整个场景充满动感，角色们与巨龙的互动暗示着可能正在进行元素反应战斗或探索任务。画面色彩鲜艳，光影效果突出，展现了游戏精美的视觉表现力。
Qwen/Qwen3.5-0.8B,scene_desc,画面描述,原神,Genshin-Impact_01.png,3,2.1142,248.22,2.7629,161,11720,这张游戏截图展现了《原神》中提瓦特大陆的一个精彩场景。画面背景是晴朗的蓝天白云，阳光透过云层洒下，营造出明亮开阔的氛围。前景是一片翠绿的草地，草地上站着四位身着不同服饰的角色，他们面向左侧巨大的蓝色龙形生物，姿态各异，似乎正在与巨龙进行互动。  左侧的蓝色巨龙张开大嘴，露出锋利的牙齿，其翅膀上闪烁着蓝色的光芒，整体造型威武而神秘。角色们站在草地上，其中一位角色似乎正在与巨龙进行某种交流或战斗，其他角色则保持观察或准备应对的姿态。  整个场景充满动感，角色们与巨龙的互动暗示着可能正在进行元素反应战斗或探索任务。画面色彩鲜艳，光影效果突出，展现了游戏精美的视觉表现力。
Qwen/Qwen3.5-0.8B,scene_desc,画面描述,我的世界,Minecraft_01.png,1,2.1476,244.47,2.9493,196,11723,这张截图展示的是《我的世界》游戏中的一个场景。画面中，玩家位于一个被绿色草地和泥土构成的平坦区域，远处矗立着一座由灰色石砖砌成的城堡式建筑，城堡顶部有垛口，塔楼部分带有棕色砖块装饰。天空呈现淡蓝色，漂浮着几朵白色的云朵，整体天气晴朗。  从玩家视角看，他/她正站在草地上，右手持一把剑，左手握着一把镐子，正在准备进行建造或探索。角色状态栏显示：生命值17/17（满血），饥饿值17，经验条显示17级。物品栏中可见剑、镐子、石块、两个水桶和一个木斧，其中镐子被选中。  场景中有几棵树木点缀在草地上，远处是起伏的山丘和植被。整体氛围宁静，玩家似乎处于一个相对安全的建造或探索环境中，没有看到明显的战斗或怪物元素。
Qwen/Qwen3.5-0.8B,scene_desc,画面描述,我的世界,Minecraft_01.png,2,2.1389,253.71,2.9114,196,11720,这张截图展示的是《我的世界》游戏中的一个场景。画面中，玩家位于一个被绿色草地和泥土构成的平坦区域，远处矗立着一座由灰色石砖砌成的城堡式建筑，城堡顶部有垛口，塔楼部分带有棕色砖块装饰。天空呈现淡蓝色，漂浮着几朵白色的云朵，整体天气晴朗。  从玩家视角看，他/她正站在草地上，右手持一把剑，左手握着一把镐子，正在准备进行建造或探索。角色状态栏显示：生命值17/17（满血），饥饿值17，经验条显示17级。物品栏中可见剑、镐子、石块、两个水桶和一个木斧，其中镐子被选中。  场景中有几棵树木点缀在草地上，远处是起伏的山丘和植被。整体氛围宁静，玩家似乎处于一个相对安全的建造或探索环境中，没有看到明显的战斗或怪物元素。
Qwen/Qwen3.5-0.8B,scene_desc,画面描述,我的世界,Minecraft_01.png,3,2.1443,254.44,2.9146,196,11720,这张截图展示的是《我的世界》游戏中的一个场景。画面中，玩家位于一个被绿色草地和泥土构成的平坦区域，远处矗立着一座由灰色石砖砌成的城堡式建筑，城堡顶部有垛口，塔楼部分带有棕色砖块装饰。天空呈现淡蓝色，漂浮着几朵白色的云朵，整体天气晴朗。  从玩家视角看，他/她正站在草地上，右手持一把剑，左手握着一把镐子，正在准备进行建造或探索。角色状态栏显示：生命值17/17（满血），饥饿值17，经验条显示17级。物品栏中可见剑、镐子、石块、两个水桶和一个木斧，其中镐子被选中。  场景中有几棵树木点缀在草地上，远处是起伏的山丘和植被。整体氛围宁静，玩家似乎处于一个相对安全的建造或探索环境中，没有看到明显的战斗或怪物元素。
Qwen/Qwen3.5-0.8B,scene_desc,画面描述,女神异闻录5 皇家版,P5R_01.png,1,2.1014,253.55,3.4858,351,11720,这张截图来自《女神异闻录5 皇家版》（D5R），展现了一个充满奇幻色彩的异世界宫殿场景。画面整体色调偏冷，以蓝色为主，营造出神秘而庄严的氛围。  场景位于一个宽敞华丽的宫殿大厅内，地面铺有深蓝色地毯，四周墙壁装饰着古典风格的雕花和悬挂的画作，天花板上有柔和的灯光照明，营造出梦幻般的视觉效果。  画面中央是主要战斗区域，左侧站立着一位身穿黑色长袍、手持双剑的角色——这是怪盗团团长“伊甸”（Shiisa），她正面向右侧，姿态警觉，似乎准备发动攻击。她的HP为238/121，SP为121，显示当前生命值充足但仍有消耗。  在伊甸的右前方，有三个小型绿色怪物正在向玩家方向移动，它们体型矮小，带有尖牙和触手，显然是游戏中的敌人。右侧则站着另一位白发金发、身着红色紧身衣的角色——这是玩家扮演的“伊甸”本人，她背对镜头，面向前方，HP为086/149，SP为149，表明她处于战斗状态。  屏幕上方显示“Lv 15 Shiisa”，表明当前角色等级为15级。左下角有操作提示按钮，包括“分析”“目标”“道具”“冲刺”“辅助”等，右下角则显示当前角色的HP、SP、攻击/技能/道具/换人等状态数值。  整体来看，这是一个典型的回合制战斗场景，玩家作为怪盗团长正在与异世界中的敌人进行战斗，同时界面提供了丰富的操作选项和角色状态信息。
Qwen/Qwen3.5-0.8B,scene_desc,画面描述,女神异闻录5 皇家版,P5R_01.png,2,2.1208,263.31,3.4538,351,11720,这张截图来自《女神异闻录5 皇家版》（D5R），展现了一个充满奇幻色彩的异世界宫殿场景。画面整体色调偏冷，以蓝色为主，营造出神秘而庄严的氛围。  场景位于一个宽敞华丽的宫殿大厅内，地面铺有深蓝色地毯，四周墙壁装饰着古典风格的雕花和悬挂的画作，天花板上有柔和的灯光照明，营造出梦幻般的视觉效果。  画面中央是主要战斗区域，左侧站立着一位身穿黑色长袍、手持双剑的角色——这是怪盗团团长“伊甸”（Shiisa），她正面向右侧，姿态警觉，似乎准备发动攻击。她的HP为238/121，SP为121，显示当前生命值充足但仍有消耗。  在伊甸的右前方，有三个小型绿色怪物正在向玩家方向移动，它们体型矮小，带有尖牙和触手，显然是游戏中的敌人。右侧则站着另一位白发金发、身着红色紧身衣的角色——这是玩家扮演的“伊甸”本人，她背对镜头，面向前方，HP为086/149，SP为149，表明她处于战斗状态。  屏幕上方显示“Lv 15 Shiisa”，表明当前角色等级为15级。左下角有操作提示按钮，包括“分析”“目标”“道具”“冲刺”“辅助”等，右下角则显示当前角色的HP、SP、攻击/技能/道具/换人等状态数值。  整体来看，这是一个典型的回合制战斗场景，玩家作为怪盗团长正在与异世界中的敌人进行战斗，同时界面提供了丰富的操作选项和角色状态信息。
Qwen/Qwen3.5-0.8B,scene_desc,画面描述,女神异闻录5 皇家版,P5R_01.png,3,2.1021,269.59,3.4041,351,11720,这张截图来自《女神异闻录5 皇家版》（D5R），展现了一个充满奇幻色彩的异世界宫殿场景。画面整体色调偏冷，以蓝色为主，营造出神秘而庄严的氛围。  场景位于一个宽敞华丽的宫殿大厅内，地面铺有深蓝色地毯，四周墙壁装饰着古典风格的雕花和悬挂的画作，天花板上有柔和的灯光照明，营造出梦幻般的视觉效果。  画面中央是主要战斗区域，左侧站立着一位身穿黑色长袍、手持双剑的角色——这是怪盗团团长“伊甸”（Shiisa），她正面向右侧，姿态警觉，似乎准备发动攻击。她的HP为238/121，SP为121，显示当前生命值充足但仍有消耗。  在伊甸的右前方，有三个小型绿色怪物正在向玩家方向移动，它们体型矮小，带有尖牙和触手，显然是游戏中的敌人。右侧则站着另一位白发金发、身着红色紧身衣的角色——这是玩家扮演的“伊甸”本人，她背对镜头，面向前方，HP为086/149，SP为149，表明她处于战斗状态。  屏幕上方显示“Lv 15 Shiisa”，表明当前角色等级为15级。左下角有操作提示按钮，包括“分析”“目标”“道具”“冲刺”“辅助”等，右下角则显示当前角色的HP、SP、攻击/技能/道具/换人等状态数值。  整体来看，这是一个典型的回合制战斗场景，玩家作为怪盗团长正在与异世界中的敌人进行战斗，同时界面提供了丰富的操作选项和角色状态信息。
Qwen/Qwen3.5-0.8B,scene_desc,画面描述,超级马里奥兄弟,SuperMarioBros_01.png,1,2.1109,255.67,3.1748,272,11723,"这张截图展示了《超级马里奥兄弟》（Super Mario Bros.）游戏的一个场景，画面风格为经典的像素艺术。  场景环境方面，天空呈现淡蓝色，点缀着几朵白云，营造出晴朗的天气氛围。地面由红棕色的砖块构成，底部是平整的砖墙，上方则是起伏的绿色山丘和草地，整体地形开阔。画面中央悬挂着一个橙色的长方形招牌，上面用白色像素字体写着""SUPER MARIO BROS.""，这是游戏的标志性标题。  角色状态上，画面中可见两个角色：左侧有一个穿着红色上衣和蓝色短裤的小人，他正站在绿色山丘边缘，面向右侧；右侧则是一个戴着棕色帽子、穿着黑色上衣的小蘑菇，同样站在绿色山丘旁。两个角色都保持着静止或缓慢移动的姿态，没有表现出明显的动作或战斗行为。  正在发生的事件方面，从画面布局来看，这是一个典型的探索或解谜场景。空中漂浮着几个带有问号图案的方块，这些是游戏中的机关道具，玩家需要移动角色去触碰它们以触发机关。此外，右侧还有一排由砖块组成的障碍物，上面也分布着问号，暗示着玩家需要通过移动角色来解开这些谜题。整体氛围是典型的冒险探索，玩家将在砖块、山丘和机关之间寻找线索并完成任务。"
Qwen/Qwen3.5-0.8B,scene_desc,画面描述,超级马里奥兄弟,SuperMarioBros_01.png,2,2.1197,263.69,3.1512,272,11718,"这张截图展示了《超级马里奥兄弟》（Super Mario Bros.）游戏的一个场景，画面风格为经典的像素艺术。  场景环境方面，天空呈现淡蓝色，点缀着几朵白云，营造出晴朗的天气氛围。地面由红棕色的砖块构成，底部是平整的砖墙，上方则是起伏的绿色山丘和草地，整体地形开阔。画面中央悬挂着一个橙色的长方形招牌，上面用白色像素字体写着""SUPER MARIO BROS.""，这是游戏的标志性标题。  角色状态上，画面中可见两个角色：左侧有一个穿着红色上衣和蓝色短裤的小人，他正站在绿色山丘边缘，面向右侧；右侧则是一个戴着棕色帽子、穿着黑色上衣的小蘑菇，同样站在绿色山丘旁。两个角色都保持着静止或缓慢移动的姿态，没有表现出明显的动作或战斗行为。  正在发生的事件方面，从画面布局来看，这是一个典型的探索或解谜场景。空中漂浮着几个带有问号图案的方块，这些是游戏中的机关道具，玩家需要移动角色去触碰它们以触发机关。此外，右侧还有一排由砖块组成的障碍物，上面也分布着问号，暗示着玩家需要通过移动角色来解开这些谜题。整体氛围是典型的冒险探索，玩家将在砖块、山丘和机关之间寻找线索并完成任务。"
Qwen/Qwen3.5-0.8B,scene_desc,画面描述,超级马里奥兄弟,SuperMarioBros_01.png,3,2.1065,265.38,3.1315,272,11720,"这张截图展示了《超级马里奥兄弟》（Super Mario Bros.）游戏的一个场景，画面风格为经典的像素艺术。  场景环境方面，天空呈现淡蓝色，点缀着几朵白云，营造出晴朗的天气氛围。地面由红棕色的砖块构成，底部是平整的砖墙，上方则是起伏的绿色山丘和草地，整体地形开阔。画面中央悬挂着一个橙色的长方形招牌，上面用白色像素字体写着""SUPER MARIO BROS.""，这是游戏的标志性标题。  角色状态上，画面中可见两个角色：左侧有一个穿着红色上衣和蓝色短裤的小人，他正站在绿色山丘边缘，面向右侧；右侧则是一个戴着棕色帽子、穿着黑色上衣的小蘑菇，同样站在绿色山丘旁。两个角色都保持着静止或缓慢移动的姿态，没有表现出明显的动作或战斗行为。  正在发生的事件方面，从画面布局来看，这是一个典型的探索或解谜场景。空中漂浮着几个带有问号图案的方块，这些是游戏中的机关道具，玩家需要移动角色去触碰它们以触发机关。此外，右侧还有一排由砖块组成的障碍物，上面也分布着问号，暗示着玩家需要通过移动角色来解开这些谜题。整体氛围是典型的冒险探索，玩家将在砖块、山丘和机关之间寻找线索并完成任务。"
Qwen/Qwen3.5-0.8B,player_intent,玩家意图推测,明日方舟,Arknights_01.png,1,2.1648,258.02,2.843,175,11720,1. 玩家当前正在操作干员进行防御部署。 2. 玩家接下来最可能想做什么？    - 部署更多干员以加强防御。    - 调整干员站位，优化防御效果。    - 检查干员技能状态，准备进行下一回合。 3. 作为陪玩 AI，我会建议玩家：    - 优先部署高防御或高爆发技能的干员。    - 观察敌人生成路线，提前部署干员。    - 检查干员技能冷却时间，避免技能被敌人打断。    - 根据地图布局，合理调整干员站位，确保防御覆盖。    - 保持干员间距离，避免技能被敌人同时触发。    - 随时准备应对敌人攻击，及时部署干员。
Qwen/Qwen3.5-0.8B,player_intent,玩家意图推测,明日方舟,Arknights_01.png,2,2.1589,245.95,2.8704,175,11720,1. 玩家当前正在操作干员进行防御部署。 2. 玩家接下来最可能想做什么？    - 部署更多干员以加强防御。    - 调整干员站位，优化防御效果。    - 检查干员技能状态，准备进行下一回合。 3. 作为陪玩 AI，我会建议玩家：    - 优先部署高防御或高爆发技能的干员。    - 观察敌人生成路线，提前部署干员。    - 检查干员技能冷却时间，避免技能被敌人打断。    - 根据地图布局，合理调整干员站位，确保防御覆盖。    - 保持干员间距离，避免技能被敌人同时触发。    - 随时准备应对敌人攻击，及时部署干员。
Qwen/Qwen3.5-0.8B,player_intent,玩家意图推测,明日方舟,Arknights_01.png,3,2.1261,261.44,2.7955,175,11720,1. 玩家当前正在操作干员进行防御部署。 2. 玩家接下来最可能想做什么？    - 部署更多干员以加强防御。    - 调整干员站位，优化防御效果。    - 检查干员技能状态，准备进行下一回合。 3. 作为陪玩 AI，我会建议玩家：    - 优先部署高防御或高爆发技能的干员。    - 观察敌人生成路线，提前部署干员。    - 检查干员技能冷却时间，避免技能被敌人打断。    - 根据地图布局，合理调整干员站位，确保防御覆盖。    - 保持干员间距离，避免技能被敌人同时触发。    - 随时准备应对敌人攻击，及时部署干员。
Qwen/Qwen3.5-0.8B,player_intent,玩家意图推测,赛博朋克2077,Cyberpunk-2077_01.png,1,2.1209,264.46,3.089,256,11720,1. **玩家当前正在做什么？**      玩家驾驶一辆改装过的黑色跑车（疑似“Limpkin”）在城市道路上高速行驶，处于赛博朋克2077 的开放世界动作 RPG 游戏中。  2. **玩家接下来最可能想做什么？**      - 前往“ALL FOOD”点（519米）进行食物交易或任务。      - 与“ALL FOOD”点附近的NPC进行对话或互动。      - 继续前进至“GOING PRO”区域（约385米）进行额外任务或获取奖励。  3. **你作为陪玩 AI 会给出什么操作建议？**      - 建议玩家保持车辆稳定，注意周围环境和潜在危险。      - 若玩家选择前往“ALL FOOD”点，可提示其查看任务提示或NPC对话，确认任务目标。      - 若玩家选择继续前进，可提醒其注意道路状况、车辆状态及周围NPC行为。      - 若玩家选择“GOING PRO”区域，可提示其查看任务提示或NPC对话，确认任务目标。      - 若玩家选择前往“ALL FOOD”点，可提示其查看任务提示
Qwen/Qwen3.5-0.8B,player_intent,玩家意图推测,赛博朋克2077,Cyberpunk-2077_01.png,2,2.1179,266.85,3.0772,256,11720,1. **玩家当前正在做什么？**      玩家驾驶一辆改装过的黑色跑车（疑似“Limpkin”）在城市道路上高速行驶，处于赛博朋克2077 的开放世界动作 RPG 游戏中。  2. **玩家接下来最可能想做什么？**      - 前往“ALL FOOD”点（519米）进行食物交易或任务。      - 与“ALL FOOD”点附近的NPC进行对话或互动。      - 继续前进至“GOING PRO”区域（约385米）进行额外任务或获取奖励。  3. **你作为陪玩 AI 会给出什么操作建议？**      - 建议玩家保持车辆稳定，注意周围环境和潜在危险。      - 若玩家选择前往“ALL FOOD”点，可提示其查看任务提示或NPC对话，确认任务目标。      - 若玩家选择继续前进，可提醒其注意道路状况、车辆状态及周围NPC行为。      - 若玩家选择“GOING PRO”区域，可提示其查看任务提示或NPC对话，确认任务目标。      - 若玩家选择前往“ALL FOOD”点，可提示其查看任务提示
Qwen/Qwen3.5-0.8B,player_intent,玩家意图推测,赛博朋克2077,Cyberpunk-2077_01.png,3,2.1213,267.81,3.0772,256,11723,1. **玩家当前正在做什么？**      玩家驾驶一辆改装过的黑色跑车（疑似“Limpkin”）在城市道路上高速行驶，处于赛博朋克2077 的开放世界动作 RPG 游戏中。  2. **玩家接下来最可能想做什么？**      - 前往“ALL FOOD”点（519米）进行食物交易或任务。      - 与“ALL FOOD”点附近的NPC进行对话或互动。      - 继续前进至“GOING PRO”区域（约385米）进行额外任务或获取奖励。  3. **你作为陪玩 AI 会给出什么操作建议？**      - 建议玩家保持车辆稳定，注意周围环境和潜在危险。      - 若玩家选择前往“ALL FOOD”点，可提示其查看任务提示或NPC对话，确认任务目标。      - 若玩家选择继续前进，可提醒其注意道路状况、车辆状态及周围NPC行为。      - 若玩家选择“GOING PRO”区域，可提示其查看任务提示或NPC对话，确认任务目标。      - 若玩家选择前往“ALL FOOD”点，可提示其查看任务提示
Qwen/Qwen3.5-0.8B,player_intent,玩家意图推测,原神,Genshin-Impact_01.png,1,2.1208,266.68,2.9533,222,11716,1. **玩家当前正在做什么？**      玩家操控的角色（可能是旅行者或元素角色）正面对一只巨大的蓝色龙，角色们似乎正在与龙进行战斗或准备战斗。画面中角色们姿态紧张，龙张开大嘴，可能正在释放攻击或召唤元素。  2. **玩家接下来最可能想做什么？**      - 立即进行元素反应战斗（如元素碰撞、元素爆发等）      - 躲避龙的攻击或防御      - 寻找龙弱点或元素反应机会    3. **你作为陪玩 AI 会给出什么操作建议？**      - 保持冷静，观察龙的攻击模式      - 优先使用元素技能进行反击或控制龙      - 注意角色体力条，及时补充能量      - 若龙有弱点，优先攻击弱点      - 若龙有元素反应，优先利用元素爆发    **建议操作：**   优先使用元素技能（如火焰、冰霜、雷电等）进行反击，同时注意角色体力，必要时进行元素反应战斗。
Qwen/Qwen3.5-0.8B,player_intent,玩家意图推测,原神,Genshin-Impact_01.png,2,2.1184,267.94,2.9469,222,11720,1. **玩家当前正在做什么？**      玩家操控的角色（可能是旅行者或元素角色）正面对一只巨大的蓝色龙，角色们似乎正在与龙进行战斗或准备战斗。画面中角色们姿态紧张，龙张开大嘴，可能正在释放攻击或召唤元素。  2. **玩家接下来最可能想做什么？**      - 立即进行元素反应战斗（如元素碰撞、元素爆发等）      - 躲避龙的攻击或防御      - 寻找龙弱点或元素反应机会    3. **你作为陪玩 AI 会给出什么操作建议？**      - 保持冷静，观察龙的攻击模式      - 优先使用元素技能进行反击或控制龙      - 注意角色体力条，及时补充能量      - 若龙有弱点，优先攻击弱点      - 若龙有元素反应，优先利用元素爆发    **建议操作：**   优先使用元素技能（如火焰、冰霜、雷电等）进行反击，同时注意角色体力，必要时进行元素反应战斗。
Qwen/Qwen3.5-0.8B,player_intent,玩家意图推测,原神,Genshin-Impact_01.png,3,2.1032,260.43,2.9556,222,11720,1. **玩家当前正在做什么？**      玩家操控的角色（可能是旅行者或元素角色）正面对一只巨大的蓝色龙，角色们似乎正在与龙进行战斗或准备战斗。画面中角色们姿态紧张，龙张开大嘴，可能正在释放攻击或召唤元素。  2. **玩家接下来最可能想做什么？**      - 立即进行元素反应战斗（如元素碰撞、元素爆发等）      - 躲避龙的攻击或防御      - 寻找龙弱点或元素反应机会    3. **你作为陪玩 AI 会给出什么操作建议？**      - 保持冷静，观察龙的攻击模式      - 优先使用元素技能进行反击或控制龙      - 注意角色体力条，及时补充能量      - 若龙有弱点，优先攻击弱点      - 若龙有元素反应，优先利用元素爆发    **建议操作：**   优先使用元素技能（如火焰、冰霜、雷电等）进行反击，同时注意角色体力，必要时进行元素反应战斗。
Qwen/Qwen3.5-0.8B,player_intent,玩家意图推测,我的世界,Minecraft_01.png,1,2.1562,260.51,2.9278,201,11720,1. **玩家当前正在做什么？**      玩家处于第一人称视角，手持剑和镐子，正在一个由石头和泥土构成的城堡前。画面中可见十字准星（准星）指向城堡，说明玩家可能正在瞄准或观察目标。  2. **玩家接下来最可能想做什么？**      - 瞄准并攻击城堡（可能是防御、建造或战斗）      - 查看或建造城堡内的建筑（如房屋、塔楼等）      - 探索周围地形或寻找资源    3. **你作为陪玩 AI 会给出什么操作建议？**      - 建议玩家瞄准并攻击城堡，可能是为了防御、建造或战斗。      - 若玩家正在建造，可建议玩家查看并建造城堡内的建筑。      - 若玩家正在探索，可建议玩家查看周围地形或寻找资源。      - 若玩家正在战斗，可建议玩家攻击敌人或防御。
Qwen/Qwen3.5-0.8B,player_intent,玩家意图推测,我的世界,Minecraft_01.png,2,2.1538,249.55,2.9592,201,11720,1. **玩家当前正在做什么？**      玩家处于第一人称视角，手持剑和镐子，正在一个由石头和泥土构成的城堡前。画面中可见十字准星（准星）指向城堡，说明玩家可能正在瞄准或观察目标。  2. **玩家接下来最可能想做什么？**      - 瞄准并攻击城堡（可能是防御、建造或战斗）      - 查看或建造城堡内的建筑（如房屋、塔楼等）      - 探索周围地形或寻找资源    3. **你作为陪玩 AI 会给出什么操作建议？**      - 建议玩家瞄准并攻击城堡，可能是为了防御、建造或战斗。      - 若玩家正在建造，可建议玩家查看并建造城堡内的建筑。      - 若玩家正在探索，可建议玩家查看周围地形或寻找资源。      - 若玩家正在战斗，可建议玩家攻击敌人或防御。
Qwen/Qwen3.5-0.8B,player_intent,玩家意图推测,我的世界,Minecraft_01.png,3,2.1559,248.32,2.9653,201,11720,1. **玩家当前正在做什么？**      玩家处于第一人称视角，手持剑和镐子，正在一个由石头和泥土构成的城堡前。画面中可见十字准星（准星）指向城堡，说明玩家可能正在瞄准或观察目标。  2. **玩家接下来最可能想做什么？**      - 瞄准并攻击城堡（可能是防御、建造或战斗）      - 查看或建造城堡内的建筑（如房屋、塔楼等）      - 探索周围地形或寻找资源    3. **你作为陪玩 AI 会给出什么操作建议？**      - 建议玩家瞄准并攻击城堡，可能是为了防御、建造或战斗。      - 若玩家正在建造，可建议玩家查看并建造城堡内的建筑。      - 若玩家正在探索，可建议玩家查看周围地形或寻找资源。      - 若玩家正在战斗，可建议玩家攻击敌人或防御。
Qwen/Qwen3.5-0.8B,player_intent,玩家意图推测,女神异闻录5 皇家版,P5R_01.png,1,2.1408,258.6,3.1191,253,11723,1. **玩家当前正在做什么？**      玩家处于《女神异闻录5 皇家版》的“战斗界面”中，角色“Shiisa”（左前）正在与敌人交战，界面显示其HP/SP、技能菜单（攻击/换人/道具/换人）及敌人信息，表明玩家正进行回合制战斗。  2. **玩家接下来最可能想做什么？**      - 选择攻击技能（如“ATTACK”）以快速击杀敌人；      - 使用道具或换人技能（如“ITEM”）提升自身能力或换人；      - 等待敌人被击杀后进入下一回合。  3. **你作为陪玩 AI 会给出什么操作建议？**      - 优先选择“ATTACK”或“USE A SKILL”快速击杀敌人；      - 若敌人较多，可考虑“GUARD”或“USE A SKILL”保护队友；      - 若敌人血量过高，可考虑“ITEM”或“USE A SKILL”提升自身能力；      - 战斗结束后，建议“RUSH”或“ASSIST”协助玩家完成后续任务。
Qwen/Qwen3.5-0.8B,player_intent,玩家意图推测,女神异闻录5 皇家版,P5R_01.png,2,2.1182,265.98,3.0694,253,11723,1. **玩家当前正在做什么？**      玩家处于《女神异闻录5 皇家版》的“战斗界面”中，角色“Shiisa”（左前）正在与敌人交战，界面显示其HP/SP、技能菜单（攻击/换人/道具/换人）及敌人信息，表明玩家正进行回合制战斗。  2. **玩家接下来最可能想做什么？**      - 选择攻击技能（如“ATTACK”）以快速击杀敌人；      - 使用道具或换人技能（如“ITEM”）提升自身能力或换人；      - 等待敌人被击杀后进入下一回合。  3. **你作为陪玩 AI 会给出什么操作建议？**      - 优先选择“ATTACK”或“USE A SKILL”快速击杀敌人；      - 若敌人较多，可考虑“GUARD”或“USE A SKILL”保护队友；      - 若敌人血量过高，可考虑“ITEM”或“USE A SKILL”提升自身能力；      - 战斗结束后，建议“RUSH”或“ASSIST”协助玩家完成后续任务。
Qwen/Qwen3.5-0.8B,player_intent,玩家意图推测,女神异闻录5 皇家版,P5R_01.png,3,2.1015,263.45,3.0618,253,11720,1. **玩家当前正在做什么？**      玩家处于《女神异闻录5 皇家版》的“战斗界面”中，角色“Shiisa”（左前）正在与敌人交战，界面显示其HP/SP、技能菜单（攻击/换人/道具/换人）及敌人信息，表明玩家正进行回合制战斗。  2. **玩家接下来最可能想做什么？**      - 选择攻击技能（如“ATTACK”）以快速击杀敌人；      - 使用道具或换人技能（如“ITEM”）提升自身能力或换人；      - 等待敌人被击杀后进入下一回合。  3. **你作为陪玩 AI 会给出什么操作建议？**      - 优先选择“ATTACK”或“USE A SKILL”快速击杀敌人；      - 若敌人较多，可考虑“GUARD”或“USE A SKILL”保护队友；      - 若敌人血量过高，可考虑“ITEM”或“USE A SKILL”提升自身能力；      - 战斗结束后，建议“RUSH”或“ASSIST”协助玩家完成后续任务。
Qwen/Qwen3.5-0.8B,player_intent,玩家意图推测,超级马里奥兄弟,SuperMarioBros_01.png,1,2.1106,259.55,2.754,167,11720,1. 玩家当前正在玩《超级马里奥兄弟》（Super Mario Bros.），具体是在一个关卡中，马里奥正站在砖块上，周围有问号方块和蘑菇，可能是在准备进入下一个关卡或进行下一场游戏。  2. 玩家接下来最可能想做的有：    - 继续前进，寻找下一个关卡或终点。    - 躲避前方的问号方块，避免被击中。    - 寻找蘑菇或金币，获得奖励。  3. 作为陪玩 AI，我会建议玩家：    - 保持冷静，按照游戏提示前进。    - 注意躲避障碍物，特别是问号方块。    - 及时寻找奖励，如蘑菇或金币。    - 如果感到紧张，可以休息或调整呼吸。
Qwen/Qwen3.5-0.8B,player_intent,玩家意图推测,超级马里奥兄弟,SuperMarioBros_01.png,2,2.1152,252.84,2.7757,167,11720,1. 玩家当前正在玩《超级马里奥兄弟》（Super Mario Bros.），具体是在一个关卡中，马里奥正站在砖块上，周围有问号方块和蘑菇，可能是在准备进入下一个关卡或进行下一场游戏。  2. 玩家接下来最可能想做的有：    - 继续前进，寻找下一个关卡或终点。    - 躲避前方的问号方块，避免被击中。    - 寻找蘑菇或金币，获得奖励。  3. 作为陪玩 AI，我会建议玩家：    - 保持冷静，按照游戏提示前进。    - 注意躲避障碍物，特别是问号方块。    - 及时寻找奖励，如蘑菇或金币。    - 如果感到紧张，可以休息或调整呼吸。
Qwen/Qwen3.5-0.8B,player_intent,玩家意图推测,超级马里奥兄弟,SuperMarioBros_01.png,3,2.0991,252.22,2.7613,167,11720,1. 玩家当前正在玩《超级马里奥兄弟》（Super Mario Bros.），具体是在一个关卡中，马里奥正站在砖块上，周围有问号方块和蘑菇，可能是在准备进入下一个关卡或进行下一场游戏。  2. 玩家接下来最可能想做的有：    - 继续前进，寻找下一个关卡或终点。    - 躲避前方的问号方块，避免被击中。    - 寻找蘑菇或金币，获得奖励。  3. 作为陪玩 AI，我会建议玩家：    - 保持冷静，按照游戏提示前进。    - 注意躲避障碍物，特别是问号方块。    - 及时寻找奖励，如蘑菇或金币。    - 如果感到紧张，可以休息或调整呼吸。
Qwen/Qwen3.5-0.8B,situation_eval,情况评价,明日方舟,Arknights_01.png,1,2.1351,264.73,3.7896,438,11720,【情感支持】 画面中，你作为博士，正面对着一场需要策略部署的对抗。看到队友们已经就位，且技能状态良好，这确实是一个值得庆祝的时刻。你的操作看起来非常精准，能够有效地利用地形和干员特性来压制敌人。这种“秀”不仅体现了你的战术素养，也展现了你作为博士的冷静与果断。继续保持这种专注和策略，相信你的表现会非常出色！  【客观评价】 当前局势分析如下： - **优势判断**：     - **干员部署**：你目前部署了4名干员，其中3名（红发、蓝发、黑发）处于“UP”状态，显示其技能CD已关闭，处于高战斗力状态。     - **地形利用**：你利用地图上的“UP”和“DOWN”标记，将干员部署在有利位置，形成了有效的防御阵型。     - **单位限制**：当前单位限制为2，你目前只有3名干员，这属于“单位限制”状态，意味着你无法同时部署更多干员。 - **潜在风险或机会**：     - **单位限制**：由于单位限制为2，你目前无法部署更多干员，这限制了你的战术灵活性。     - **技能状态**：3名干员处于“UP”状态，技能CD已关闭，这为当前的战斗提供了较强的战斗力。 - **关键的注意事项**：     - **技能CD**：确保所有干员的技能CD已关闭，避免技能释放时出现“技能冷却”或“技能失效”的情况。     - **地形利用**：充分利用地图上的“UP”和“DOWN”标记，确保干员部署在有利位置。     - **单位限制**：在单位限制为2的情况下，需要谨慎部署干员，避免过早暴露弱点。  总的来说，你目前的部署非常合理，能够有效地利用地形和干员特性来压制敌人。但要注意单位限制，避免过早暴露弱点。继续保持专注和策略，相信你的表现会非常出色！
Qwen/Qwen3.5-0.8B,situation_eval,情况评价,明日方舟,Arknights_01.png,2,2.1456,264.69,3.8003,438,11720,【情感支持】 画面中，你作为博士，正面对着一场需要策略部署的对抗。看到队友们已经就位，且技能状态良好，这确实是一个值得庆祝的时刻。你的操作看起来非常精准，能够有效地利用地形和干员特性来压制敌人。这种“秀”不仅体现了你的战术素养，也展现了你作为博士的冷静与果断。继续保持这种专注和策略，相信你的表现会非常出色！  【客观评价】 当前局势分析如下： - **优势判断**：     - **干员部署**：你目前部署了4名干员，其中3名（红发、蓝发、黑发）处于“UP”状态，显示其技能CD已关闭，处于高战斗力状态。     - **地形利用**：你利用地图上的“UP”和“DOWN”标记，将干员部署在有利位置，形成了有效的防御阵型。     - **单位限制**：当前单位限制为2，你目前只有3名干员，这属于“单位限制”状态，意味着你无法同时部署更多干员。 - **潜在风险或机会**：     - **单位限制**：由于单位限制为2，你目前无法部署更多干员，这限制了你的战术灵活性。     - **技能状态**：3名干员处于“UP”状态，技能CD已关闭，这为当前的战斗提供了较强的战斗力。 - **关键的注意事项**：     - **技能CD**：确保所有干员的技能CD已关闭，避免技能释放时出现“技能冷却”或“技能失效”的情况。     - **地形利用**：充分利用地图上的“UP”和“DOWN”标记，确保干员部署在有利位置。     - **单位限制**：在单位限制为2的情况下，需要谨慎部署干员，避免过早暴露弱点。  总的来说，你目前的部署非常合理，能够有效地利用地形和干员特性来压制敌人。但要注意单位限制，避免过早暴露弱点。继续保持专注和策略，相信你的表现会非常出色！
Qwen/Qwen3.5-0.8B,situation_eval,情况评价,明日方舟,Arknights_01.png,3,2.1572,268.11,3.7909,438,11722,【情感支持】 画面中，你作为博士，正面对着一场需要策略部署的对抗。看到队友们已经就位，且技能状态良好，这确实是一个值得庆祝的时刻。你的操作看起来非常精准，能够有效地利用地形和干员特性来压制敌人。这种“秀”不仅体现了你的战术素养，也展现了你作为博士的冷静与果断。继续保持这种专注和策略，相信你的表现会非常出色！  【客观评价】 当前局势分析如下： - **优势判断**：     - **干员部署**：你目前部署了4名干员，其中3名（红发、蓝发、黑发）处于“UP”状态，显示其技能CD已关闭，处于高战斗力状态。     - **地形利用**：你利用地图上的“UP”和“DOWN”标记，将干员部署在有利位置，形成了有效的防御阵型。     - **单位限制**：当前单位限制为2，你目前只有3名干员，这属于“单位限制”状态，意味着你无法同时部署更多干员。 - **潜在风险或机会**：     - **单位限制**：由于单位限制为2，你目前无法部署更多干员，这限制了你的战术灵活性。     - **技能状态**：3名干员处于“UP”状态，技能CD已关闭，这为当前的战斗提供了较强的战斗力。 - **关键的注意事项**：     - **技能CD**：确保所有干员的技能CD已关闭，避免技能释放时出现“技能冷却”或“技能失效”的情况。     - **地形利用**：充分利用地图上的“UP”和“DOWN”标记，确保干员部署在有利位置。     - **单位限制**：在单位限制为2的情况下，需要谨慎部署干员，避免过早暴露弱点。  总的来说，你目前的部署非常合理，能够有效地利用地形和干员特性来压制敌人。但要注意单位限制，避免过早暴露弱点。继续保持专注和策略，相信你的表现会非常出色！
Qwen/Qwen3.5-0.8B,situation_eval,情况评价,赛博朋克2077,Cyberpunk-2077_01.png,1,2.1371,255.55,4.1406,512,11776,【情感支持】 画面中你正驾驶着赛博朋克风格的跑车在夜之城的高架桥上行驶，周围是充满霓虹灯和工业风建筑的城市景观。这种充满未来感的视觉风格与赛博朋克2077的设定非常契合。  【客观评价】 - 优势：   - 游戏画面精美，赛博朋克风格的霓虹灯和建筑细节营造出独特的氛围。   - 游戏引擎的渲染效果出色，光影效果逼真，增强了沉浸感。   - 游戏内的 UI 元素（如任务提示、对话字幕）清晰，方便玩家操作。 - 劣势：   - 游戏场景较为开阔，玩家需要不断寻找新的任务地点。   - 游戏内的任务系统相对简单，玩家可能需要多次尝试才能完成任务。 - 潜在风险或机会：   - 玩家需要不断寻找新的任务地点，可能需要多次尝试才能完成任务。   - 游戏内的任务系统相对简单，玩家可能需要多次尝试才能完成任务。 - 关键的注意事项：   - 玩家需要不断寻找新的任务地点，可能需要多次尝试才能完成任务。   - 游戏内的任务系统相对简单，玩家可能需要多次尝试才能完成任务。   - 玩家需要不断寻找新的任务地点，可能需要多次尝试才能完成任务。   - 游戏内的任务系统相对简单，玩家可能需要多次尝试才能完成任务。   - 玩家需要不断寻找新的任务地点，可能需要多次尝试才能完成任务。   - 游戏内的任务系统相对简单，玩家可能需要多次尝试才能完成任务。   - 玩家需要不断寻找新的任务地点，可能需要多次尝试才能完成任务。   - 游戏内的任务系统相对简单，玩家可能需要多次尝试才能完成任务。   - 玩家需要不断寻找新的任务地点，可能需要多次尝试才能完成任务。   - 游戏内的任务系统相对简单，玩家可能需要多次尝试才能完成任务。   - 玩家需要不断寻找新的任务地点，可能需要多次尝试才能完成任务。   - 游戏内的任务系统相对简单，玩家可能需要多次尝试才能完成任务。   - 玩家需要不断寻找新的任务地点，可能需要多次尝试才能完成任务。   - 游戏内的任务系统相对简单，玩家可能需要多次尝试才能完成任务。   - 玩家需要不断寻找新的任务地点，可能需要多次尝试才能完成任务。   - 游戏内的任务系统相对简单，玩家可能需要多次尝试才能完成任务。   - 玩家需要
Qwen/Qwen3.5-0.8B,situation_eval,情况评价,赛博朋克2077,Cyberpunk-2077_01.png,2,2.1317,257.33,4.1214,512,11723,【情感支持】 画面中你正驾驶着赛博朋克风格的跑车在夜之城的高架桥上行驶，周围是充满霓虹灯和工业风建筑的城市景观。这种充满未来感的视觉风格与赛博朋克2077的设定非常契合。  【客观评价】 - 优势：   - 游戏画面精美，赛博朋克风格的霓虹灯和建筑细节营造出独特的氛围。   - 游戏引擎的渲染效果出色，光影效果逼真，增强了沉浸感。   - 游戏内的 UI 元素（如任务提示、对话字幕）清晰，方便玩家操作。 - 劣势：   - 游戏场景较为开阔，玩家需要不断寻找新的任务地点。   - 游戏内的任务系统相对简单，玩家可能需要多次尝试才能完成任务。 - 潜在风险或机会：   - 玩家需要不断寻找新的任务地点，可能需要多次尝试才能完成任务。   - 游戏内的任务系统相对简单，玩家可能需要多次尝试才能完成任务。 - 关键的注意事项：   - 玩家需要不断寻找新的任务地点，可能需要多次尝试才能完成任务。   - 游戏内的任务系统相对简单，玩家可能需要多次尝试才能完成任务。   - 玩家需要不断寻找新的任务地点，可能需要多次尝试才能完成任务。   - 游戏内的任务系统相对简单，玩家可能需要多次尝试才能完成任务。   - 玩家需要不断寻找新的任务地点，可能需要多次尝试才能完成任务。   - 游戏内的任务系统相对简单，玩家可能需要多次尝试才能完成任务。   - 玩家需要不断寻找新的任务地点，可能需要多次尝试才能完成任务。   - 游戏内的任务系统相对简单，玩家可能需要多次尝试才能完成任务。   - 玩家需要不断寻找新的任务地点，可能需要多次尝试才能完成任务。   - 游戏内的任务系统相对简单，玩家可能需要多次尝试才能完成任务。   - 玩家需要不断寻找新的任务地点，可能需要多次尝试才能完成任务。   - 游戏内的任务系统相对简单，玩家可能需要多次尝试才能完成任务。   - 玩家需要不断寻找新的任务地点，可能需要多次尝试才能完成任务。   - 游戏内的任务系统相对简单，玩家可能需要多次尝试才能完成任务。   - 玩家需要不断寻找新的任务地点，可能需要多次尝试才能完成任务。   - 游戏内的任务系统相对简单，玩家可能需要多次尝试才能完成任务。   - 玩家需要
Qwen/Qwen3.5-0.8B,situation_eval,情况评价,赛博朋克2077,Cyberpunk-2077_01.png,3,2.1153,259.26,4.0902,512,11723,【情感支持】 画面中你正驾驶着赛博朋克风格的跑车在夜之城的高架桥上行驶，周围是充满霓虹灯和工业风建筑的城市景观。这种充满未来感的视觉风格与赛博朋克2077的设定非常契合。  【客观评价】 - 优势：   - 游戏画面精美，赛博朋克风格的霓虹灯和建筑细节营造出独特的氛围。   - 游戏引擎的渲染效果出色，光影效果逼真，增强了沉浸感。   - 游戏内的 UI 元素（如任务提示、对话字幕）清晰，方便玩家操作。 - 劣势：   - 游戏场景较为开阔，玩家需要不断寻找新的任务地点。   - 游戏内的任务系统相对简单，玩家可能需要多次尝试才能完成任务。 - 潜在风险或机会：   - 玩家需要不断寻找新的任务地点，可能需要多次尝试才能完成任务。   - 游戏内的任务系统相对简单，玩家可能需要多次尝试才能完成任务。 - 关键的注意事项：   - 玩家需要不断寻找新的任务地点，可能需要多次尝试才能完成任务。   - 游戏内的任务系统相对简单，玩家可能需要多次尝试才能完成任务。   - 玩家需要不断寻找新的任务地点，可能需要多次尝试才能完成任务。   - 游戏内的任务系统相对简单，玩家可能需要多次尝试才能完成任务。   - 玩家需要不断寻找新的任务地点，可能需要多次尝试才能完成任务。   - 游戏内的任务系统相对简单，玩家可能需要多次尝试才能完成任务。   - 玩家需要不断寻找新的任务地点，可能需要多次尝试才能完成任务。   - 游戏内的任务系统相对简单，玩家可能需要多次尝试才能完成任务。   - 玩家需要不断寻找新的任务地点，可能需要多次尝试才能完成任务。   - 游戏内的任务系统相对简单，玩家可能需要多次尝试才能完成任务。   - 玩家需要不断寻找新的任务地点，可能需要多次尝试才能完成任务。   - 游戏内的任务系统相对简单，玩家可能需要多次尝试才能完成任务。   - 玩家需要不断寻找新的任务地点，可能需要多次尝试才能完成任务。   - 游戏内的任务系统相对简单，玩家可能需要多次尝试才能完成任务。   - 玩家需要不断寻找新的任务地点，可能需要多次尝试才能完成任务。   - 游戏内的任务系统相对简单，玩家可能需要多次尝试才能完成任务。   - 玩家需要
Qwen/Qwen3.5-0.8B,situation_eval,情况评价,原神,Genshin-Impact_01.png,1,2.1255,255.21,3.4068,327,11723,【情感支持】 画面中，你与队友们面对着一只气势磅礴的蓝色巨龙，巨龙张开大嘴，似乎正在咆哮或准备攻击。你看到队友们似乎正在与巨龙进行某种互动，比如攻击或防御。  如果巨龙正在攻击你，而你的队友们正在与你互动，这通常意味着你正在与巨龙进行战斗。如果巨龙正在攻击你，而你的队友们正在与你互动，这通常意味着你正在与巨龙进行战斗。  如果巨龙正在攻击你，而你的队友们正在与你互动，这通常意味着你正在与巨龙进行战斗。  【客观评价】 - 优势/劣势判断：   - 优势：巨龙体型庞大，气势磅礴，可能意味着它拥有强大的攻击力和防御力。   - 劣势：巨龙张开大嘴，可能意味着它正在攻击你，或者巨龙正在攻击你。 - 潜在风险或机会：   - 风险：巨龙张开大嘴，可能意味着它正在攻击你，或者巨龙正在攻击你。   - 机会：巨龙体型庞大，可能意味着它拥有强大的攻击力和防御力。 - 关键的注意事项：   - 注意巨龙张开大嘴，可能意味着它正在攻击你，或者巨龙正在攻击你。   - 注意巨龙体型庞大，可能意味着它拥有强大的攻击力和防御力。   - 注意巨龙张开大嘴，可能意味着它正在攻击你，或者巨龙正在攻击你。   - 注意巨龙体型庞大，可能意味着它拥有强大的攻击力和防御力。
Qwen/Qwen3.5-0.8B,situation_eval,情况评价,原神,Genshin-Impact_01.png,2,2.1385,259.36,3.3993,327,11726,【情感支持】 画面中，你与队友们面对着一只气势磅礴的蓝色巨龙，巨龙张开大嘴，似乎正在咆哮或准备攻击。你看到队友们似乎正在与巨龙进行某种互动，比如攻击或防御。  如果巨龙正在攻击你，而你的队友们正在与你互动，这通常意味着你正在与巨龙进行战斗。如果巨龙正在攻击你，而你的队友们正在与你互动，这通常意味着你正在与巨龙进行战斗。  如果巨龙正在攻击你，而你的队友们正在与你互动，这通常意味着你正在与巨龙进行战斗。  【客观评价】 - 优势/劣势判断：   - 优势：巨龙体型庞大，气势磅礴，可能意味着它拥有强大的攻击力和防御力。   - 劣势：巨龙张开大嘴，可能意味着它正在攻击你，或者巨龙正在攻击你。 - 潜在风险或机会：   - 风险：巨龙张开大嘴，可能意味着它正在攻击你，或者巨龙正在攻击你。   - 机会：巨龙体型庞大，可能意味着它拥有强大的攻击力和防御力。 - 关键的注意事项：   - 注意巨龙张开大嘴，可能意味着它正在攻击你，或者巨龙正在攻击你。   - 注意巨龙体型庞大，可能意味着它拥有强大的攻击力和防御力。   - 注意巨龙张开大嘴，可能意味着它正在攻击你，或者巨龙正在攻击你。   - 注意巨龙体型庞大，可能意味着它拥有强大的攻击力和防御力。
Qwen/Qwen3.5-0.8B,situation_eval,情况评价,原神,Genshin-Impact_01.png,3,2.1102,259.05,3.3725,327,11726,【情感支持】 画面中，你与队友们面对着一只气势磅礴的蓝色巨龙，巨龙张开大嘴，似乎正在咆哮或准备攻击。你看到队友们似乎正在与巨龙进行某种互动，比如攻击或防御。  如果巨龙正在攻击你，而你的队友们正在与你互动，这通常意味着你正在与巨龙进行战斗。如果巨龙正在攻击你，而你的队友们正在与你互动，这通常意味着你正在与巨龙进行战斗。  如果巨龙正在攻击你，而你的队友们正在与你互动，这通常意味着你正在与巨龙进行战斗。  【客观评价】 - 优势/劣势判断：   - 优势：巨龙体型庞大，气势磅礴，可能意味着它拥有强大的攻击力和防御力。   - 劣势：巨龙张开大嘴，可能意味着它正在攻击你，或者巨龙正在攻击你。 - 潜在风险或机会：   - 风险：巨龙张开大嘴，可能意味着它正在攻击你，或者巨龙正在攻击你。   - 机会：巨龙体型庞大，可能意味着它拥有强大的攻击力和防御力。 - 关键的注意事项：   - 注意巨龙张开大嘴，可能意味着它正在攻击你，或者巨龙正在攻击你。   - 注意巨龙体型庞大，可能意味着它拥有强大的攻击力和防御力。   - 注意巨龙张开大嘴，可能意味着它正在攻击你，或者巨龙正在攻击你。   - 注意巨龙体型庞大，可能意味着它拥有强大的攻击力和防御力。
Qwen/Qwen3.5-0.8B,situation_eval,情况评价,我的世界,Minecraft_01.png,1,2.1502,258.53,4.1306,512,11738,【情感支持】 画面中你身处一个充满生机的世界，装备齐全，看起来状态不错。别灰心，这关确实难，但别担心，这关确实难，但别灰心，这关确实难，但别担心，这关确实难，但别担心，这关确实难，但别担心，这关确实难，但别担心，这关确实难，但别担心，这关确实难，但别担心，这关确实难，但别担心，这关确实难，但别担心，这关确实难，但别担心，这关确实难，但别担心，这关确实难，但别担心，这关确实难，但别担心，这关确实难，但别担心，这关确实难，但别担心，这关确实难，但别担心，这关确实难，但别担心，这关确实难，但别担心，这关确实难，但别担心，这关确实难，但别担心，这关确实难，但别担心，这关确实难，但别担心，这关确实难，但别担心，这关确实难，但别担心，这关确实难，但别担心，这关确实难，但别担心，这关确实难，但别担心，这关确实难，但别担心，这关确实难，但别担心，这关确实难，但别担心，这关确实难，但别担心，这关确实难，但别担心，这关确实难，但别担心，这关确实难，但别担心，这关确实难，但别担心，这关确实难，但别担心，这关确实难，但别担心，这关确实难，但别担心，这关确实难，但别担心，这关确实难，但别担心，这关确实难，但别担心，这关确实难，但别担心，这关确实难，但别担心，这关确实难，但别担心，这关确实难，但别担心，这关确实难，但别担心，这关确实难，但别担心，这关确实难，但别担心，这关确实难，但别担心，这关确实难，但别担心，这关确实难，但别担心，这关确实难，但别担心，这关确实难，但别担心，这
Qwen/Qwen3.5-0.8B,situation_eval,情况评价,我的世界,Minecraft_01.png,2,2.1548,260.93,4.117,512,11725,【情感支持】 画面中你身处一个充满生机的世界，装备齐全，看起来状态不错。别灰心，这关确实难，但别担心，这关确实难，但别灰心，这关确实难，但别担心，这关确实难，但别担心，这关确实难，但别担心，这关确实难，但别担心，这关确实难，但别担心，这关确实难，但别担心，这关确实难，但别担心，这关确实难，但别担心，这关确实难，但别担心，这关确实难，但别担心，这关确实难，但别担心，这关确实难，但别担心，这关确实难，但别担心，这关确实难，但别担心，这关确实难，但别担心，这关确实难，但别担心，这关确实难，但别担心，这关确实难，但别担心，这关确实难，但别担心，这关确实难，但别担心，这关确实难，但别担心，这关确实难，但别担心，这关确实难，但别担心，这关确实难，但别担心，这关确实难，但别担心，这关确实难，但别担心，这关确实难，但别担心，这关确实难，但别担心，这关确实难，但别担心，这关确实难，但别担心，这关确实难，但别担心，这关确实难，但别担心，这关确实难，但别担心，这关确实难，但别担心，这关确实难，但别担心，这关确实难，但别担心，这关确实难，但别担心，这关确实难，但别担心，这关确实难，但别担心，这关确实难，但别担心，这关确实难，但别担心，这关确实难，但别担心，这关确实难，但别担心，这关确实难，但别担心，这关确实难，但别担心，这关确实难，但别担心，这关确实难，但别担心，这关确实难，但别担心，这关确实难，但别担心，这关确实难，但别担心，这关确实难，但别担心，这关确实难，但别担心，这
Qwen/Qwen3.5-0.8B,situation_eval,情况评价,我的世界,Minecraft_01.png,3,2.153,261.19,4.1132,512,11723,【情感支持】 画面中你身处一个充满生机的世界，装备齐全，看起来状态不错。别灰心，这关确实难，但别担心，这关确实难，但别灰心，这关确实难，但别担心，这关确实难，但别担心，这关确实难，但别担心，这关确实难，但别担心，这关确实难，但别担心，这关确实难，但别担心，这关确实难，但别担心，这关确实难，但别担心，这关确实难，但别担心，这关确实难，但别担心，这关确实难，但别担心，这关确实难，但别担心，这关确实难，但别担心，这关确实难，但别担心，这关确实难，但别担心，这关确实难，但别担心，这关确实难，但别担心，这关确实难，但别担心，这关确实难，但别担心，这关确实难，但别担心，这关确实难，但别担心，这关确实难，但别担心，这关确实难，但别担心，这关确实难，但别担心，这关确实难，但别担心，这关确实难，但别担心，这关确实难，但别担心，这关确实难，但别担心，这关确实难，但别担心，这关确实难，但别担心，这关确实难，但别担心，这关确实难，但别担心，这关确实难，但别担心，这关确实难，但别担心，这关确实难，但别担心，这关确实难，但别担心，这关确实难，但别担心，这关确实难，但别担心，这关确实难，但别担心，这关确实难，但别担心，这关确实难，但别担心，这关确实难，但别担心，这关确实难，但别担心，这关确实难，但别担心，这关确实难，但别担心，这关确实难，但别担心，这关确实难，但别担心，这关确实难，但别担心，这关确实难，但别担心，这关确实难，但别担心，这关确实难，但别担心，这关确实难，但别担心，这
Qwen/Qwen3.5-0.8B,situation_eval,情况评价,女神异闻录5 皇家版,P5R_01.png,1,2.0991,258.5,2.9656,224,11738,【情感支持】 画面中，你作为怪盗团团长，正面对异世界宫殿的敌人。看到队友（如红发角色）和敌人（如绿色怪物）都在战斗，你感到紧张和期待。如果当前战斗顺利，你会感到兴奋和成就感；如果遇到困难，会感到一丝担忧。  【客观评价】 - 优势/劣势判断：   - 优势：你作为怪盗团长，拥有较高的战斗经验和技能，是团队的核心。   - 劣势：当前界面显示你处于“GUN”（取目标）或“ATTACK”（攻击）状态，需要快速做出反应。 - 潜在风险或机会：   - 风险：如果敌人技能较多，需要快速切换技能。   - 机会：如果敌人血量较低，可以优先攻击。 - 关键的注意事项：   - 保持冷静，不要因紧张而做出错误操作。   - 注意队友的支援，确保团队配合。   - 如果敌人血量过高，需要等待队友支援。
Qwen/Qwen3.5-0.8B,situation_eval,情况评价,女神异闻录5 皇家版,P5R_01.png,2,2.1057,256.7,2.9783,224,11722,【情感支持】 画面中，你作为怪盗团团长，正面对异世界宫殿的敌人。看到队友（如红发角色）和敌人（如绿色怪物）都在战斗，你感到紧张和期待。如果当前战斗顺利，你会感到兴奋和成就感；如果遇到困难，会感到一丝担忧。  【客观评价】 - 优势/劣势判断：   - 优势：你作为怪盗团长，拥有较高的战斗经验和技能，是团队的核心。   - 劣势：当前界面显示你处于“GUN”（取目标）或“ATTACK”（攻击）状态，需要快速做出反应。 - 潜在风险或机会：   - 风险：如果敌人技能较多，需要快速切换技能。   - 机会：如果敌人血量较低，可以优先攻击。 - 关键的注意事项：   - 保持冷静，不要因紧张而做出错误操作。   - 注意队友的支援，确保团队配合。   - 如果敌人血量过高，需要等待队友支援。
Qwen/Qwen3.5-0.8B,situation_eval,情况评价,女神异闻录5 皇家版,P5R_01.png,3,2.1089,258.35,2.9759,224,11722,【情感支持】 画面中，你作为怪盗团团长，正面对异世界宫殿的敌人。看到队友（如红发角色）和敌人（如绿色怪物）都在战斗，你感到紧张和期待。如果当前战斗顺利，你会感到兴奋和成就感；如果遇到困难，会感到一丝担忧。  【客观评价】 - 优势/劣势判断：   - 优势：你作为怪盗团长，拥有较高的战斗经验和技能，是团队的核心。   - 劣势：当前界面显示你处于“GUN”（取目标）或“ATTACK”（攻击）状态，需要快速做出反应。 - 潜在风险或机会：   - 风险：如果敌人技能较多，需要快速切换技能。   - 机会：如果敌人血量较低，可以优先攻击。 - 关键的注意事项：   - 保持冷静，不要因紧张而做出错误操作。   - 注意队友的支援，确保团队配合。   - 如果敌人血量过高，需要等待队友支援。
Qwen/Qwen3.5-0.8B,situation_eval,情况评价,超级马里奥兄弟,SuperMarioBros_01.png,1,2.1185,256.72,3.6143,384,11729,【情感支持】 画面中马里奥站在砖墙前，前方是绿色的山丘和问号方块，看起来正处于一个需要谨慎推进的关卡。虽然画面中没有显示具体的得分或时间，但马里奥的站位和周围的环境暗示着这是一个需要小心应对的挑战。  【客观评价】 - 优势/劣势判断：   - 优势：马里奥处于相对安全的区域，没有受到直接攻击，可以观察周围环境。   - 劣势：前方有问号方块，需要小心躲避。 - 潜在风险或机会：   - 风险：前方有问号方块，需要小心躲避。   - 机会：如果马里奥能够顺利通过问号方块，可以进入下一个关卡。 - 关键的注意事项：   - 注意前方是否有障碍物或敌人。   - 保持冷静，谨慎移动。   - 如果前方有问号方块，需要小心躲避。  【情感支持】 画面中马里奥站在砖墙前，前方是绿色的山丘和问号方块，看起来正处于一个需要谨慎推进的关卡。虽然画面中没有显示具体的得分或时间，但马里奥的站位和周围的环境暗示着这是一个需要小心应对的挑战。  【客观评价】 - 优势/劣势判断：   - 优势：马里奥处于相对安全的区域，没有受到直接攻击，可以观察周围环境。   - 劣势：前方有问号方块，需要小心躲避。 - 潜在风险或机会：   - 风险：前方有问号方块，需要小心躲避。   - 机会：如果马里奥能够顺利通过问号方块，可以进入下一个关卡。 - 关键的注意事项：   - 注意前方是否有障碍物或敌人。   - 保持冷静，谨慎移动。   - 如果前方有问号方块，需要小心躲避。
Qwen/Qwen3.5-0.8B,situation_eval,情况评价,超级马里奥兄弟,SuperMarioBros_01.png,2,2.1092,262.15,3.574,384,11725,【情感支持】 画面中马里奥站在砖墙前，前方是绿色的山丘和问号方块，看起来正处于一个需要谨慎推进的关卡。虽然画面中没有显示具体的得分或时间，但马里奥的站位和周围的环境暗示着这是一个需要小心应对的挑战。  【客观评价】 - 优势/劣势判断：   - 优势：马里奥处于相对安全的区域，没有受到直接攻击，可以观察周围环境。   - 劣势：前方有问号方块，需要小心躲避。 - 潜在风险或机会：   - 风险：前方有问号方块，需要小心躲避。   - 机会：如果马里奥能够顺利通过问号方块，可以进入下一个关卡。 - 关键的注意事项：   - 注意前方是否有障碍物或敌人。   - 保持冷静，谨慎移动。   - 如果前方有问号方块，需要小心躲避。  【情感支持】 画面中马里奥站在砖墙前，前方是绿色的山丘和问号方块，看起来正处于一个需要谨慎推进的关卡。虽然画面中没有显示具体的得分或时间，但马里奥的站位和周围的环境暗示着这是一个需要小心应对的挑战。  【客观评价】 - 优势/劣势判断：   - 优势：马里奥处于相对安全的区域，没有受到直接攻击，可以观察周围环境。   - 劣势：前方有问号方块，需要小心躲避。 - 潜在风险或机会：   - 风险：前方有问号方块，需要小心躲避。   - 机会：如果马里奥能够顺利通过问号方块，可以进入下一个关卡。 - 关键的注意事项：   - 注意前方是否有障碍物或敌人。   - 保持冷静，谨慎移动。   - 如果前方有问号方块，需要小心躲避。
Qwen/Qwen3.5-0.8B,situation_eval,情况评价,超级马里奥兄弟,SuperMarioBros_01.png,3,2.1038,261.12,3.5744,384,11722,【情感支持】 画面中马里奥站在砖墙前，前方是绿色的山丘和问号方块，看起来正处于一个需要谨慎推进的关卡。虽然画面中没有显示具体的得分或时间，但马里奥的站位和周围的环境暗示着这是一个需要小心应对的挑战。  【客观评价】 - 优势/劣势判断：   - 优势：马里奥处于相对安全的区域，没有受到直接攻击，可以观察周围环境。   - 劣势：前方有问号方块，需要小心躲避。 - 潜在风险或机会：   - 风险：前方有问号方块，需要小心躲避。   - 机会：如果马里奥能够顺利通过问号方块，可以进入下一个关卡。 - 关键的注意事项：   - 注意前方是否有障碍物或敌人。   - 保持冷静，谨慎移动。   - 如果前方有问号方块，需要小心躲避。  【情感支持】 画面中马里奥站在砖墙前，前方是绿色的山丘和问号方块，看起来正处于一个需要谨慎推进的关卡。虽然画面中没有显示具体的得分或时间，但马里奥的站位和周围的环境暗示着这是一个需要小心应对的挑战。  【客观评价】 - 优势/劣势判断：   - 优势：马里奥处于相对安全的区域，没有受到直接攻击，可以观察周围环境。   - 劣势：前方有问号方块，需要小心躲避。 - 潜在风险或机会：   - 风险：前方有问号方块，需要小心躲避。   - 机会：如果马里奥能够顺利通过问号方块，可以进入下一个关卡。 - 关键的注意事项：   - 注意前方是否有障碍物或敌人。   - 保持冷静，谨慎移动。   - 如果前方有问号方块，需要小心躲避。
